coin,symbol,price,1h,24h,7d,24h_volume,mkt_cap,date
Bitcoin,BTC,40859.46,0.022,0.03,0.055,35390763321.0,770991461396.0,2022-03-16
Ethereum,ETH,2744.41,0.024,0.034,0.065,19748695312.0,327104429349.0,2022-03-16
Tether,USDT,1.0,-0.001,-0.001,0.0,57934969077.0,79965155138.0,2022-03-16
BNB,BNB,383.43,0.018,0.0279999999999999,0.004,1395853984.0,64043816800.0,2022-03-16
USD Coin,USDC,0.999874,-0.001,0.0,-0.0,3872273611.0,52222137400.0,2022-03-16
XRP,XRP,0.785018,0.019,0.019,0.089,3925204682.0,37530785877.0,2022-03-16
Terra,LUNA,89.51,0.024,-0.005,0.046,2661508267.0,32945963147.0,2022-03-16
Solana,SOL,85.61,0.024,0.0139999999999999,0.0409999999999999,1776167313.0,27535891424.0,2022-03-16
Cardano,ADA,0.824161,0.016,0.016,0.0279999999999999,950718327.0,26331888060.0,2022-03-16
Polkadot,DOT,18.55,0.031,0.035,0.095,762198942.0,20175265447.0,2022-03-16
Avalanche,AVAX,73.69,0.034,0.032,0.011,866838890.0,19563622731.0,2022-03-16
Binance USD,BUSD,1.0,-0.002,0.002,0.002,4039490120.0,17975175881.0,2022-03-16
Dogecoin,DOGE,0.11566,0.015,0.023,-0.011,451839687.0,15312260998.0,2022-03-16
TerraUSD,UST,1.0,-0.001,0.003,0.001,742209053.0,15025463384.0,2022-03-16
Shiba Inu,SHIB,2.241815e-05,0.024,0.0279999999999999,-0.021,546344871.0,12186102832.0,2022-03-16
Wrapped Bitcoin,WBTC,40820.44,0.02,0.03,0.055,443045583.0,11077637101.0,2022-03-16
Cronos,CRO,0.401575,0.018,0.043,0.038,99233479.0,10108572460.0,2022-03-16
Polygon,MATIC,1.44,0.0289999999999999,0.034,-0.0,665458992.0,9860943646.0,2022-03-16
Dai,DAI,0.999429,-0.0,-0.001,-0.0,311112491.0,9375312310.0,2022-03-16
Cosmos Hub,ATOM,28.8,0.017,0.051,0.035,784802946.0,8346059118.0,2022-03-16
Litecoin,LTC,109.44,0.016,0.013,0.089,735718470.0,7629784997.0,2022-03-16
Lido Staked Ether,STETH,2745.31,0.026,0.035,0.067,20327033.0,6972219575.0,2022-03-16
Near,NEAR,10.61,0.0409999999999999,0.032,0.091,402450393.0,6885969777.0,2022-03-16
Chainlink,LINK,14.41,0.023,0.064,0.102,720924698.0,6696893329.0,2022-03-16
TRON,TRX,0.060751875857,0.011,0.005,0.003,608305288.0,6139215131.0,2022-03-16
FTX Token,FTT,42.37,0.02,0.024,0.045,91093038.0,5803217982.0,2022-03-16
Bitcoin Cash,BCH,295.57,0.018,0.015,0.039,1378527955.0,5613130722.0,2022-03-16
LEO Token,LEO,5.97,0.0069999999999999,0.01,0.055,831673.0,5547865232.0,2022-03-16
OKB,OKB,19.05,0.013,0.039,0.072,180398248.0,4944831000.0,2022-03-16
Algorand,ALGO,0.731009,0.025,0.0139999999999999,-0.01,151572159.0,4824820884.0,2022-03-16
Stellar,XLM,0.186969,0.017,0.026,0.079,257508818.0,4584325546.0,2022-03-16
Uniswap,UNI,9.05,0.032,0.04,0.025,188489995.0,4103226435.0,2022-03-16
Hedera,HBAR,0.200008,0.012,-0.0069999999999999,-0.024,65559083.0,3922919996.0,2022-03-16
Axie Infinity,AXS,50.46,0.036,0.062,0.089,288996469.0,3733676299.0,2022-03-16
Decentraland,MANA,2.43,0.021,0.065,0.0139999999999999,481292822.0,3652548066.0,2022-03-16
Ethereum Classic,ETC,26.93,0.0279999999999999,0.031,0.01,315618129.0,3573077723.0,2022-03-16
Elrond,EGLD,162.55,0.025,0.049,0.2289999999999999,318813970.0,3550487729.0,2022-03-16
The Sandbox,SAND,3.08,0.009,0.126,0.092,989130040.0,3486478110.0,2022-03-16
Internet Computer,ICP,16.26,0.02,0.019,-0.035,158065484.0,3447698400.0,2022-03-16
Monero,XMR,189.34,0.003,0.011,-0.073,251596905.0,3416516046.0,2022-03-16
cETH,CETH,53.71,-0.001,0.009,0.04,1088.54,3191011869.0,2022-03-16
VeChain,VET,0.047848054559,0.0279999999999999,0.033,0.0279999999999999,283498801.0,3172681612.0,2022-03-16
Fantom,FTM,1.22,0.043,0.022,-0.079,1173101401.0,3072929159.0,2022-03-16
Filecoin,FIL,17.27,0.016,0.01,-0.0409999999999999,264401106.0,3052322720.0,2022-03-16
Osmosis,OSMO,9.39,0.0139999999999999,0.018,-0.001,94042665.0,3040277019.0,2022-03-16
Klaytn,KLAY,1.1,0.016,0.023,-0.012,57133059.0,3034567731.0,2022-03-16
Frax,FRAX,0.998392,-0.002,0.001,-0.0,18194194.0,2866968260.0,2022-03-16
Waves,WAVES,28.62,0.0139999999999999,0.081,0.273,1508088374.0,2862185867.0,2022-03-16
Theta Network,THETA,2.82,0.032,0.033,-0.004,118835496.0,2798708447.0,2022-03-16
Magic Internet Money,MIM,0.997676,0.0,0.004,0.002,44641451.0,2784271477.0,2022-03-16
The Graph,GRT,0.440816,0.003,0.0409999999999999,0.315,388652958.0,2731591470.0,2022-03-16
Tezos,XTZ,3.05,0.021,0.025,0.013,114838106.0,2665887669.0,2022-03-16
cUSDC,CUSDC,0.022533007284,-0.001,0.001,0.001,41.83,2449140377.0,2022-03-16
Helium,HNT,21.72,-0.002,0.048,0.026,22415718.0,2183873719.0,2022-03-16
THORChain,RUNE,7.23,0.04,-0.059,0.769,297836092.0,2165143023.0,2022-03-16
EOS,EOS,2.06,0.019,0.032,0.048,337828464.0,2019196307.0,2022-03-16
ECOMI,OMI,0.003406821495,0.019,0.027,-0.2189999999999999,3444049.0,1976983567.0,2022-03-16
IOTA,MIOTA,0.712336,0.018,0.011,0.012,26950213.0,1976598984.0,2022-03-16
cDAI,CDAI,0.021895790224,-0.001,0.0,-0.0,93.89,1942222665.0,2022-03-16
Flow,FLOW,5.43,0.017,0.023,-0.053,57457444.0,1923544184.0,2022-03-16
Theta Fuel,TFUEL,0.162482,0.024,0.0069999999999999,0.064,16105407.0,1886178774.0,2022-03-16
Aave,AAVE,137.44,0.037,0.131,0.129,282336331.0,1862097786.0,2022-03-16
Zcash,ZEC,148.94,0.02,0.065,0.075,276825707.0,1801878133.0,2022-03-16
Maker,MKR,1982.58,0.0289999999999999,0.071,0.129,92847731.0,1772467945.0,2022-03-16
JUNO,JUNO,38.35,0.018,0.096,-0.03,11491328.0,1747597737.0,2022-03-16
Gala,GALA,0.227781,0.026,0.047,0.037,551763058.0,1714837250.0,2022-03-16
BitTorrent,BTT,1.812224e-06,0.0069999999999999,0.022,0.003,87836205.0,1675881629.0,2022-03-16
Arweave,AR,32.52,-0.003,0.074,0.002,50636342.0,1637697784.0,2022-03-16
Huobi BTC,HBTC,41217.27,0.026,0.039,0.068,190002.0,1637583015.0,2022-03-16
PancakeSwap,CAKE,5.57,0.026,0.01,-0.068,104112686.0,1530696417.0,2022-03-16
Quant,QNT,112.58,0.018,0.003,0.013,23727064.0,1505335556.0,2022-03-16
Harmony,ONE,0.127445,0.025,0.017,-0.012,75144435.0,1499937034.0,2022-03-16
eCash,XEC,7.9294818e-05,0.019,-0.005,0.144,37446216.0,1497455570.0,2022-03-16
Bitcoin SV,BSV,77.11,0.013,0.015,-0.019,135219354.0,1461042552.0,2022-03-16
NEO,NEO,20.13,0.024,0.0279999999999999,-0.017,148274906.0,1406977569.0,2022-03-16
TrueUSD,TUSD,1.0,0.0,0.001,0.001,114862495.0,1404670246.0,2022-03-16
Huobi Token,HT,8.98,0.01,0.009,-0.025,32112940.0,1392164927.0,2022-03-16
KuCoin Token,KCS,18.41,0.0139999999999999,0.009,0.02,8578734.0,1390455505.0,2022-03-16
Celsius Network,CEL,3.18,0.009,0.032,0.098,3927635.0,1346075894.0,2022-03-16
Stacks,STX,1.26,0.018,0.026,0.183,44370134.0,1317492670.0,2022-03-16
Humans.ai,HEART,0.044270474958,0.025,0.086,-0.547,1852838.0,1309127902.0,2022-03-16
Enjin Coin,ENJ,1.4,0.018,0.05,0.046,133821819.0,1300650179.0,2022-03-16
Basic Attention Token,BAT,0.822605,0.021,0.055,0.251,324813983.0,1223583998.0,2022-03-16
NEXO,NEXO,2.19,0.015,0.031,0.098,4583402.0,1222563065.0,2022-03-16
Amp,AMP,0.025036137658,0.018,0.0069999999999999,0.003,8084731.0,1198878147.0,2022-03-16
Radix,XRD,0.121859,0.015,0.064,-0.001,215995.0,1198319388.0,2022-03-16
Kusama,KSM,126.84,0.025,0.04,0.038,65896976.0,1132594631.0,2022-03-16
Celo,CELO,2.52,0.022,0.037,-0.076,46620149.0,1074226736.0,2022-03-16
Kadena,KDA,6.23,0.024,0.009,0.031,58659719.0,1061714057.0,2022-03-16
Chiliz,CHZ,0.198241,0.026,0.024,0.02,109408277.0,1049331415.0,2022-03-16
Dash,DASH,97.64,0.016,0.005,0.03,245449241.0,1035525179.0,2022-03-16
Frax Share,FXS,17.92,0.006,-0.011,0.006,4834916.0,1031430071.0,2022-03-16
Pax Dollar,USDP,0.999025,-0.002,0.001,-0.001,57639449.0,994783973.0,2022-03-16
BitDAO,BIT,1.12,0.025,0.019,0.036,54570658.0,993438990.0,2022-03-16
GateToken,GT,6.52,0.012,0.031,-0.005,7695401.0,979761512.0,2022-03-16
Convex Finance,CVX,18.29,0.038,0.054,0.147,45253981.0,979304335.0,2022-03-16
Synthetix Network Token,SNX,4.24,0.053,0.079,0.084,63349615.0,903998693.0,2022-03-16
Xido Finance,XIDO,30.86,-0.027,-0.049,0.7659999999999999,1464061.0,893636559.0,2022-03-16
Loopring,LRC,0.710702,0.03,0.035,-0.033,112235393.0,881663508.0,2022-03-16
NEM,XEM,0.098240605826,0.021,0.043,0.037,20866042.0,879585159.0,2022-03-16
Anchor Protocol,ANC,3.1,0.06,0.088,-0.18,107525684.0,807556039.0,2022-03-16
Oasis Network,ROSE,0.227889,0.036,0.07,0.027,65843862.0,794382929.0,2022-03-16
Curve DAO Token,CRV,2.02,0.026,0.022,-0.006,150926378.0,791197822.0,2022-03-16
Decred,DCR,56.87,0.02,0.143,0.088,25032753.0,787162797.0,2022-03-16
cUSDT,CUSDT,0.021768404499,0.0,0.0,0.0,8111.5,775425368.0,2022-03-16
Secret,SCRT,4.61,0.017,0.008,0.027,19871872.0,763750478.0,2022-03-16
LINK,LN,129.46,0.036,0.018,0.024,1207902.0,759436472.0,2022-03-16
Mina Protocol,MINA,1.81,0.015,0.105,-0.004,70360743.0,756143474.0,2022-03-16
Holo,HOT,0.00414796568,0.027,0.027,0.0279999999999999,63199499.0,734353201.0,2022-03-16
Compound,COMP,109.58,0.026,0.045,0.052,40756551.0,726097698.0,2022-03-16
IoTeX,IOTX,0.076638517501,0.042,0.0069999999999999,0.1169999999999999,91722669.0,717099434.0,2022-03-16
Bitkub Coin,KUB,7.89,0.004,0.0,-0.034,2193655.0,698922310.0,2022-03-16
Neutrino USD,USDN,1.0,0.003,-0.001,0.0069999999999999,15319422.0,687954763.0,2022-03-16
yearn.finance,YFI,18982.86,0.017,0.017,-0.0139999999999999,81875140.0,678377900.0,2022-03-16
Nexus Mutual,NXM,92.51,0.026,0.035,0.065,1909.73,633750394.0,2022-03-16
XDC Network,XDC,0.050635431946,-0.002,-0.022,0.0969999999999999,9930593.0,616292915.0,2022-03-16
1inch,1INCH,1.5,0.021,0.111,0.163,120457113.0,616145134.0,2022-03-16
WAX,WAXP,0.274089,0.021,0.02,0.0,26837225.0,615219740.0,2022-03-16
Smooth Love Potion,SLP,0.016547553043,0.019,0.018,-0.076,99341158.0,614525601.0,2022-03-16
Qtum,QTUM,5.95,0.0289999999999999,0.023,0.036,79032386.0,612948390.0,2022-03-16
PAX Gold,PAXG,1935.78,0.0069999999999999,0.005,-0.057,30748651.0,611668819.0,2022-03-16
Sushi,SUSHI,3.12,0.036,0.069,0.0819999999999999,132202954.0,603245561.0,2022-03-16
renBTC,RENBTC,40555.22,0.016,0.034,0.048,14829115.0,602582895.0,2022-03-16
Livepeer,LPT,23.82,0.03,0.023,0.024,11291907.0,589774119.0,2022-03-16
Ankr,ANKR,0.072181812557,0.023,0.016,-0.064,40789205.0,587511707.0,2022-03-16
Bancor Network Token,BNT,2.29,0.017,0.033,0.062,26117403.0,583581643.0,2022-03-16
Pocket Network,POKT,0.699085,0.019,-0.003,-0.055,974551.0,580439408.0,2022-03-16
Marinade staked SOL,MSOL,88.63,0.025,0.0139999999999999,0.043,18662090.0,578275391.0,2022-03-16
OMG Network,OMG,4.11,0.019,0.016,0.081,106689838.0,574825195.0,2022-03-16
Zilliqa,ZIL,0.041008132304,0.033,0.032,0.047,37965285.0,571307984.0,2022-03-16
SafeMoon,SFM,0.001028389235,0.038,-0.034,-0.088,406894.0,566255393.0,2022-03-16
Render Token,RNDR,2.43,0.024,0.035,-0.031,23720000.0,560228533.0,2022-03-16
Fei USD,FEI,1.0,0.001,0.0,0.003,10254055.0,557210659.0,2022-03-16
Gnosis,GNO,298.83,0.021,0.025,-0.003,2883611.0,553256284.0,2022-03-16
ICON,ICX,0.753601,0.026,-0.013,0.21,45059623.0,549632622.0,2022-03-16
Ravencoin,RVN,0.051804162049,0.027,0.042,0.006,19390191.0,538520749.0,2022-03-16
IOST,IOST,0.022568760363,0.025,0.011,0.015,35343794.0,517770891.0,2022-03-16
Bitcoin Gold,BTG,29.74,0.018,0.0279999999999999,0.032,9146317.0,517358240.0,2022-03-16
Kava,KAVA,3.16,0.023,0.035,0.034,22753924.0,504959645.0,2022-03-16
UMA,UMA,7.74,0.018,0.018,-0.016,46067620.0,503487995.0,2022-03-16
OEC Token,OKT,32.27,0.023,0.01,-0.062,5163788.0,488521386.0,2022-03-16
Songbird,SGB,0.062799688152,0.022,0.006,-0.1369999999999999,2629530.0,486741272.0,2022-03-16
e-Radix,EXRD,0.122181,0.022,0.063,0.004,2588295.0,484119330.0,2022-03-16
Velas,VLX,0.213154,-0.0,0.004,-0.037,4105033.0,483094532.0,2022-03-16
Rocket Pool,RPL,30.03,0.024,0.0409999999999999,0.15,578038.0,480593962.0,2022-03-16
Tether Gold,XAUT,1950.12,0.003,-0.002,-0.044,3689853.0,480346972.0,2022-03-16
Moonbeam,GLMR,2.38,0.023,0.038,-0.036,37324761.0,476681084.0,2022-03-16
Sapphire,SAPP,0.564647,0.02,0.001,0.0139999999999999,432768.0,470978131.0,2022-03-16
Horizen,ZEN,38.73,0.015,0.061,0.026,29127070.0,469969529.0,2022-03-16
WOO Network,WOO,0.492556,0.019,0.087,0.124,60339780.0,467152311.0,2022-03-16
Liquity USD,LUSD,1.0,0.0,0.0,-0.008,3222808.0,464727068.0,2022-03-16
Golem,GLM,0.465346,0.016,0.022,-0.085,15905189.0,464458665.0,2022-03-16
Rally,RLY,0.180078,0.026,0.001,-0.0579999999999999,3356848.0,464413872.0,2022-03-16
Baby Doge Coin,BABYDOGE,2.864e-09,0.026,0.021,-0.039,10651029.0,452640717.0,2022-03-16
Audius,AUDIO,0.735289,0.027,0.026,0.02,7909768.0,447883958.0,2022-03-16
Siacoin,SC,0.008880296534,0.018,0.022,-0.004,12295120.0,446937901.0,2022-03-16
Metis Token,METIS,146.38,0.026,0.009,-0.047,38905039.0,436965500.0,2022-03-16
Ontology,ONT,0.499727,0.021,0.0289999999999999,-0.011,30824913.0,433758425.0,2022-03-16
0x,ZRX,0.509791,0.025,0.035,0.0279999999999999,29309302.0,427933388.0,2022-03-16
APENFT,NFT,1.523622e-06,0.004,0.005,-0.047,69002807.0,421365369.0,2022-03-16
SKALE,SKL,0.12635,0.013,0.043,0.1119999999999999,11283316.0,407687711.0,2022-03-16
SwissBorg,CHSB,0.428284,0.022,0.026,-0.054,1063375.0,403883855.0,2022-03-16
dYdX,DYDX,4.64,0.0289999999999999,0.032,-0.036,95015055.0,396760804.0,2022-03-16
Dogelon Mars,ELON,7.24104e-07,0.043,0.072,0.0279999999999999,10950097.0,394017729.0,2022-03-16
Olympus,OHM,28.12,0.0139999999999999,-0.019,-0.086,3529301.0,390854092.0,2022-03-16
Constellation,DAG,0.152116,0.013,-0.013,0.249,1019712.0,382521151.0,2022-03-16
Synapse,SYN,2.17,0.012,-0.078,0.0,9229483.0,380868743.0,2022-03-16
Immutable X,IMX,1.57,0.043,0.012,0.049,87629552.0,365315958.0,2022-03-16
Convex CRV,CVXCRV,1.95,0.038,0.021,0.0069999999999999,96902.91,364340007.0,2022-03-16
Everdome,DOME,0.042328407322,-0.004,0.09,-0.07,44769576.0,363656510.0,2022-03-16
Gemini Dollar,GUSD,1.0,0.003,0.001,0.001,3181078.0,355825684.0,2022-03-16
JUST,JST,0.048936163597,0.013,0.005,0.033,74944693.0,355779812.0,2022-03-16
Decentralized Social,DESO,33.97,0.005,0.111,0.192,768392.0,354095011.0,2022-03-16
Polymath,POLY,0.384838,0.017,0.0139999999999999,-0.036,12205658.0,344258737.0,2022-03-16
NuCypher,NU,0.419373,0.004,0.01,-0.098,4321357.0,342894249.0,2022-03-16
REN,REN,0.338855,0.032,0.012,-0.012,41048178.0,337192089.0,2022-03-16
Keep Network,KEEP,0.609779,0.012,0.019,-0.066,2299639.0,333366751.0,2022-03-16
Illuvium,ILV,519.92,0.023,0.038,0.033,11072513.0,332435430.0,2022-03-16
Flux,FLUX,1.43,0.016,0.022,0.087,15489371.0,330216558.0,2022-03-16
Ethereum Name Service,ENS,14.05,0.04,0.043,0.016,39284120.0,326307175.0,2022-03-16
Hive,HIVE,0.869127,0.015,0.0409999999999999,0.011,12455971.0,322775766.0,2022-03-16
Lido DAO,LDO,2.98,0.0409999999999999,0.085,0.515,4675420.0,321983024.0,2022-03-16
STEPN,GMT,0.534126,0.073,0.573,2.935,1013704817.0,318571623.0,2022-03-16
Spell Token,SPELL,0.003547901833,0.015,0.009,-0.059,27285439.0,317144040.0,2022-03-16
Nervos Network,CKB,0.010554840501,0.0139999999999999,0.02,-0.015,6162463.0,316458006.0,2022-03-16
Kyber Network Crystal,KNC,3.06,0.025,0.008,0.002,40287449.0,313785580.0,2022-03-16
FLEX Coin,FLEX,3.97,0.002,0.006,-0.002,1326196326.0,311600507.0,2022-03-16
HUSD,HUSD,0.999103,0.0,0.001,0.0,43235094.0,310668205.0,2022-03-16
Ultra,UOS,1.15,0.01,0.024,-0.037,8976424.0,308351253.0,2022-03-16
ConstitutionDAO,PEOPLE,0.060612313279,0.061,0.102,0.075,143678395.0,307184638.0,2022-03-16
LooksRare,LOOKS,1.29,0.086,0.177,0.231,48697099.0,306843547.0,2022-03-16
DeFi Kingdoms,JEWEL,4.16,0.04,0.016,-0.074,11440253.0,302825745.0,2022-03-16
Telcoin,TEL,0.004899527146,0.008,0.027,-0.011,2843059.0,301743735.0,2022-03-16
Tomb,TOMB,1.18,0.031,0.01,-0.054,14140774.0,300452818.0,2022-03-16
Stargaze,STARS,0.401895,0.0139999999999999,-0.005,-0.125,1726553.0,300351592.0,2022-03-16
DigiByte,DGB,0.019668130187,0.03,0.018,0.059,15693285.0,297257419.0,2022-03-16
DigitalBits,XDB,0.389141,0.023,0.216,0.209,3821494.0,296998483.0,2022-03-16
Syscoin,SYS,0.468329,0.023,-0.031,-0.074,12673226.0,296323527.0,2022-03-16
Lisk,LSK,2.03,0.015,0.006,0.019,7600165.0,293297599.0,2022-03-16
Tokemak,TOKE,25.32,0.03,0.076,-0.004,6123881.0,292863833.0,2022-03-16
Nano,XNO,2.2,-0.006,0.288,0.312,109830513.0,292516870.0,2022-03-16
Tenset,10SET,3.3,0.016,0.03,0.434,3059468.0,289328276.0,2022-03-16
PlayDapp,PLA,0.797778,0.021,0.04,-0.013,17641285.0,288940736.0,2022-03-16
SafeMoon [OLD],SAFEMOON,5.06313e-07,0.02,0.025,0.003,3503.42,277800683.0,2022-03-16
Ronin,RON,1.86,0.023,0.0289999999999999,-0.004,2243276.0,276423433.0,2022-03-16
Persistence,XPRT,3.3,0.012,0.045,0.038,2580206.0,273550379.0,2022-03-16
Radio Caca,RACA,0.001341144021,0.0279999999999999,0.0409999999999999,0.099,15540182.0,273386276.0,2022-03-16
Pirate Chain,ARRR,1.44,0.023,0.0279999999999999,0.312,1431339.0,269625697.0,2022-03-16
MAI,MIMATIC,0.99909,0.002,0.006,0.002,11703582.0,269555684.0,2022-03-16
Casper Network,CSPR,0.063408018304,0.023,0.1009999999999999,0.019,11186869.0,262580070.0,2022-03-16
Everscale,EVER,0.191627,-0.011,-0.009,0.001,6416.99,261949792.0,2022-03-16
SXP,SXP,1.34,0.022,0.059,0.038,71885529.0,258788391.0,2022-03-16
Floki Inu,FLOKI,2.8340322e-05,0.04,0.042,-0.037,6481180.0,257703958.0,2022-03-16
Zenon,ZNN,5.35,0.011,0.025,-0.019,42667.91,257245207.0,2022-03-16
Injective,INJ,5.33,0.027,0.024,0.021,16026155.0,256116913.0,2022-03-16
MXC,MXC,0.104299,-0.0,0.031,0.175,21346445.0,255853059.0,2022-03-16
WINkLink,WIN,0.00026633365,0.011,0.02,-0.009,126343198.0,255157055.0,2022-03-16
WazirX,WRX,0.558123,0.012,-0.002,-0.073,7071983.0,254216018.0,2022-03-16
Perpetual Protocol,PERP,3.85,0.019,0.012,-0.009,8343005.0,251018197.0,2022-03-16
Mobox,MBOX,2.04,0.026,-0.024,0.06,38070293.0,250469440.0,2022-03-16
Astroport,ASTRO,2.02,0.034,-0.001,0.396,5991169.0,249658255.0,2022-03-16
Trust Wallet Token,TWT,0.721272,0.026,-0.084,0.065,45061838.0,248213542.0,2022-03-16
Serum,SRM,1.87,0.02,0.026,0.034,40405418.0,247791442.0,2022-03-16
Coin98,C98,1.34,0.024,0.035,0.066,52212880.0,247303702.0,2022-03-16
Mirror Protocol,MIR,1.71,0.016,-0.046,0.13,109251651.0,247146075.0,2022-03-16
Zipmex Token,ZMT,2.79,-0.002,0.004,-0.005,14206660.0,246790193.0,2022-03-16
Tribe,TRIBE,0.543192,0.011,0.01,0.0289999999999999,8017450.0,246535822.0,2022-03-16
VVS Finance,VVS,2.2321211e-05,0.018,0.022,-0.087,3849460.0,235411080.0,2022-03-16
Metahero,HERO,0.045156504195,0.023,0.034,-0.106,8366250.0,233755062.0,2022-03-16
Creditcoin,CTC,1.14,0.015,0.015,0.023,3179625.0,233390471.0,2022-03-16
Lido Staked SOL,STSOL,87.91,0.024,0.013,0.04,4624558.0,233265607.0,2022-03-16
API3,API3,4.7,0.0279999999999999,-0.008,-0.1009999999999999,29731985.0,230984150.0,2022-03-16
Escoin Token,ELG,3.37,0.024,0.021,0.051,685965.0,228752259.0,2022-03-16
Function X,FX,0.488809,0.019,0.005,-0.005,2065790.0,228173732.0,2022-03-16
Raydium,RAY,2.51,0.013,0.0559999999999999,0.035,33025947.0,227133027.0,2022-03-16
CoinEx Token,CET,0.061152343679,0.005,0.035,0.072,862651.0,226665111.0,2022-03-16
Euro Tether,EURT,1.1,0.004,0.008,0.012,25282592.0,226370344.0,2022-03-16
Fetch.ai,FET,0.327851,0.022,0.0069999999999999,0.024,21546674.0,224454559.0,2022-03-16
Dent,DENT,0.002351313514,0.023,0.017,0.008,18982568.0,223840664.0,2022-03-16
Chia,XCH,65.15,0.012,-0.021,-0.084,10252044.0,221396095.0,2022-03-16
Status,SNT,0.056745127667,0.012,0.0069999999999999,-0.034,7688360.0,219753630.0,2022-03-16
Power Ledger,POWR,0.503878,0.01,0.005,-0.023,32211271.0,216689443.0,2022-03-16
Medibloc,MED,0.040119247871,0.011,0.025,0.025,7724520.0,215001420.0,2022-03-16
xSUSHI,XSUSHI,3.8,0.002,0.033,0.055,107293.0,213613208.0,2022-03-16
Chromia,CHR,0.37938,0.0289999999999999,0.045,0.031,58407751.0,213564555.0,2022-03-16
Yield Guild Games,YGG,2.43,0.027,0.009,-0.057,17537941.0,212099797.0,2022-03-16
Telos,TLOS,0.819159,0.02,0.052,-0.096,4398496.0,212084558.0,2022-03-16
COTI,COTI,0.201515,0.017,0.048,0.008,15582614.0,210898806.0,2022-03-16
Alchemix USD,ALUSD,0.997171,-0.001,-0.001,0.0,3032734.0,208898318.0,2022-03-16
Celer Network,CELR,0.037068909834,0.0289999999999999,0.0279999999999999,-0.003,35862409.0,208463091.0,2022-03-16
Orbs,ORBS,0.072194784903,0.006,0.02,0.023,28204447.0,208178410.0,2022-03-16
Vulcan Forged,PYR,8.73,0.027,0.039,-0.044,38526780.0,207895650.0,2022-03-16
Energy Web Token,EWT,4.91,0.015,-0.009,0.042,2224285.0,205388247.0,2022-03-16
Astar,ASTR,0.10323,0.009,0.0069999999999999,0.032,7991761.0,205235595.0,2022-03-16
Origin Protocol,OGN,0.434115,0.0069999999999999,-0.068,0.612,182478529.0,205164994.0,2022-03-16
Cratos,CRTS,0.002952176693,-0.009,-0.037,-0.13,13535131.0,203670465.0,2022-03-16
Ocean Protocol,OCEAN,0.469383,0.0279999999999999,0.051,0.074,22022827.0,202627972.0,2022-03-16
XYO Network,XYO,0.016347118202,0.001,0.009,-0.032,4569339.0,202482367.0,2022-03-16
Dopex,DPX,1126.14,0.034,0.006,0.031,4629323.0,200498616.0,2022-03-16
PLEX,PLEX,0.815228,0.013,0.0279999999999999,-0.008,15377424.0,198958494.0,2022-03-16
LUKSO Token,LYXE,13.05,0.016,0.015,-0.001,1147300.0,198688328.0,2022-03-16
DAO Maker,DAO,2.19,0.012,-0.01,-0.042,3559341.0,196210425.0,2022-03-16
Boba Network,BOBA,1.21,0.0069999999999999,0.061,0.136,4382013.0,192933914.0,2022-03-16
Mdex,MDX,0.223833,0.018,0.0289999999999999,0.051,7274677.0,192821569.0,2022-03-16
UFO Gaming,UFO,7.530048e-06,0.03,0.033,-0.009,5098371.0,191533622.0,2022-03-16
Ardor,ARDR,0.192938,0.0139999999999999,0.02,-0.011,6272018.0,191059042.0,2022-03-16
Pundi X,PUNDIX,0.740085,0.0139999999999999,0.022,-0.006,4296268.0,190637766.0,2022-03-16
Mask Network,MASK,4.05,0.032,0.07,0.023,46857218.0,189430950.0,2022-03-16
Kyber Network Crystal Legacy,KNCL,3.07,0.025,0.02,-0.0,191301772.0,189342359.0,2022-03-16
Interest Bearing Bitcoin,IBBTC,40647.97,0.019,0.023,0.052,3253.9,187618251.0,2022-03-16
Coinmetro,XCM,0.609647,0.005,-0.055,-0.017,54700.31,184318822.0,2022-03-16
MX Token,MX,1.86,0.016,0.017,0.0289999999999999,380193.0,184031159.0,2022-03-16
Reserve Rights Token,RSR,0.013806375745,0.015,0.136,0.133,58160962.0,182389151.0,2022-03-16
Radicle,RAD,4.43,0.018,0.016,0.021,5082786.0,182383890.0,2022-03-16
Conflux,CFX,0.116231,0.02,0.0069999999999999,-0.072,4957635.0,180397101.0,2022-03-16
Wonderland,TIME,196.83,0.017,0.011,-0.085,1483133.0,179963381.0,2022-03-16
XSGD,XSGD,0.73676,0.004,0.004,0.006,4120965.0,179572544.0,2022-03-16
MiL.k Alliance,MLK,0.81278,0.012,0.0289999999999999,0.0279999999999999,6771412.0,179537968.0,2022-03-16
Civic,CVC,0.268256,0.024,0.0559999999999999,0.032,15009057.0,179389403.0,2022-03-16
Unibright,UBT,1.18,0.022,0.176,0.654,2875621.0,177414204.0,2022-03-16
Aragon,ANT,4.62,0.027,0.05,0.051,31404911.0,176410722.0,2022-03-16
Yoshi.exchange,YOSHI,1.34,0.038,0.135,0.244,3113291.0,173731724.0,2022-03-16
SuperFarm,SUPER,0.606166,0.025,0.012,0.023,15865086.0,173202752.0,2022-03-16
Divi,DIVI,0.06259333954,-0.003,0.057,-0.0409999999999999,232874.0,172881299.0,2022-03-16
BTSE Token,BTSE,8.42,0.006,0.012,0.127,1644847.0,170044358.0,2022-03-16
GMX,GMX,22.78,0.0279999999999999,0.038,-0.062,3864455.0,168867621.0,2022-03-16
Request,REQ,0.218404,0.018,-0.001,0.122,18881863.0,168625356.0,2022-03-16
Multichain,MULTI,9.19,0.0139999999999999,0.049,-0.195,1481745.0,168453270.0,2022-03-16
Ergo,ERG,3.26,0.006,0.004,0.0819999999999999,945449.0,168320273.0,2022-03-16
Rari Governance Token,RGT,14.92,0.021,-0.025,0.02,590959.0,167699043.0,2022-03-16
FEG Token BSC,FEG,3.984e-09,0.0279999999999999,0.0,0.05,505356.0,166612893.0,2022-03-16
Alchemy Pay,ACH,0.040564968565,0.018,0.035,-0.003,9350241.0,166194387.0,2022-03-16
Numeraire,NMR,28.13,0.013,0.027,0.0,5247599.0,165855215.0,2022-03-16
Power Cash,PRCH,0.000548739722,-0.01,-0.023,-0.0069999999999999,107256.0,164420955.0,2022-03-16
Moonriver,MOVR,48.85,0.021,-0.025,-0.062,23687001.0,163974343.0,2022-03-16
sBTC,SBTC,40609.35,0.02,0.026,0.054,1195100.0,162541982.0,2022-03-16
Cartesi,CTSI,0.311626,0.02,-0.01,0.02,16935581.0,161866858.0,2022-03-16
JOE,JOE,0.883671,0.032,0.035,-0.0969999999999999,8255024.0,161542087.0,2022-03-16
Veritaseum,VERI,75.29,0.034,0.502,0.4,128316.0,161292251.0,2022-03-16
Bifrost,BFC,0.149179,0.013,0.017,0.01,1366910.0,157313585.0,2022-03-16
inSure DeFi,SURE,0.005989952985,0.025,0.121,0.163,1229192.0,156870603.0,2022-03-16
Aurora,AURORA,6.85,-0.001,-0.02,-0.059,1292731.0,155499279.0,2022-03-16
AscendEx Token,ASD,0.210282,0.006,-0.012,-0.03,2234800.0,154656421.0,2022-03-16
Reef Finance,REEF,0.008455524242,0.024,0.025,0.034,21823319.0,153505883.0,2022-03-16
World Mobile Token,WMT,0.656382,0.002,0.005,-0.005,1215991.0,153058923.0,2022-03-16
Mango,MNGO,0.148804,0.021,0.011,-0.026,535237.0,152354623.0,2022-03-16
Beldex,BDX,0.101366,0.018,0.013,0.44,172723.0,152144019.0,2022-03-16
Poollotto.finance,PLT,17.61,0.004,0.004,0.015,737205.0,152110576.0,2022-03-16
Biconomy,BICO,1.31,0.012,0.077,0.035,29389338.0,151360962.0,2022-03-16
FEG Token,FEG,3.708e-09,0.017,0.009,0.024,1093047.0,151073649.0,2022-03-16
Ion,ION,7053.41,0.0069999999999999,0.001,-0.143,100410.0,150512232.0,2022-03-16
MMFinance,MMF,1.1,0.015,0.043,0.325,41252022.0,150442869.0,2022-03-16
Origin Dollar,OUSD,0.993428,0.001,-0.002,0.001,886336.0,150338408.0,2022-03-16
Verge,XVG,0.009127060437,0.024,0.027,-0.047,4578538.0,149908633.0,2022-03-16
Kishu Inu,KISHU,1.544e-09,0.046,0.094,0.147,7104908.0,149823531.0,2022-03-16
Band Protocol,BAND,3.62,0.027,0.05,0.043,25806815.0,149778191.0,2022-03-16
Tokamak Network,TON,3.57,0.01,0.025,-0.024,2216118.0,149004019.0,2022-03-16
Storj,STORJ,1.04,0.023,0.042,0.106,29384442.0,147999404.0,2022-03-16
VeThor Token,VTHO,0.003245192677,0.021,-0.004,0.062,5301268.0,147086117.0,2022-03-16
USDX,USDX,0.969027,0.008,0.015,0.001,876536.0,146788183.0,2022-03-16
OriginTrail,TRAC,0.400529,0.016,0.009,-0.042,2381151.0,146343514.0,2022-03-16
Merit Circle,MC,2.09,0.025,0.068,0.036,25892084.0,146317069.0,2022-03-16
aelf,ELF,0.318783,0.018,0.016,-0.012,12922826.0,145914636.0,2022-03-16
Akash Network,AKT,1.09,0.016,-0.001,0.019,1755865.0,145104697.0,2022-03-16
GPEX,GPX,3.83,0.006,0.002,-0.072,179427.0,144648026.0,2022-03-16
StarLink,STARL,1.4396811e-05,0.045,0.022,-0.004,13867876.0,143867182.0,2022-03-16
Pundi X [OLD],NPXS,0.000600991914,0.0,-0.015,-0.128,0.0,142146180.0,2022-03-16
Acala,ACA,1.1,0.035,0.022,0.018,13275096.0,140584940.0,2022-03-16
Orchid Protocol,OXT,0.237795,0.021,0.0,0.066,12106980.0,139760673.0,2022-03-16
Beta Finance,BETA,0.387492,0.019,0.012,-0.072,18604900.0,138948965.0,2022-03-16
Ark,ARK,0.834377,0.0069999999999999,0.017,-0.0279999999999999,2749604.0,137522294.0,2022-03-16
STASIS EURO,EURS,1.1,0.006,0.008,0.0139999999999999,4643750.0,136959838.0,2022-03-16
Magic,MAGIC,2.78,0.069,0.283,0.004,7430205.0,136718105.0,2022-03-16
Keep3rV1,KP3R,360.63,0.0069999999999999,0.022,0.006,22218089.0,135437476.0,2022-03-16
Polkastarter,POLS,1.54,0.03,-0.012,0.31,200132514.0,135061007.0,2022-03-16
Hxro,HXRO,0.305377,0.008,0.0139999999999999,-0.062,133516.0,133894630.0,2022-03-16
flexUSD,FLEXUSD,1.01,0.001,0.0,0.004,179309.0,132954034.0,2022-03-16
Bezoge Earth,BEZOGE,3.051e-09,0.012,-0.005,-0.0409999999999999,189402.0,132913608.0,2022-03-16
MaidSafeCoin,MAID,0.29492,0.023,0.01,0.045,3041.72,132775927.0,2022-03-16
Prometeus,PROM,7.96,0.017,0.008,0.015,1069360.0,130200675.0,2022-03-16
Iron Bank EURO,IBEUR,1.08,0.0,-0.004,0.009,95258.1,130044220.0,2022-03-16
Metadium,META,0.076908861633,0.0069999999999999,-0.036,0.046,32828560.0,129878030.0,2022-03-16
Sperax,SPA,0.166557,0.008,-0.017,-0.021,464074.0,129752776.0,2022-03-16
iExec RLC,RLC,1.81,0.019,0.057,0.075,6449965.0,129524554.0,2022-03-16
DUSK Network,DUSK,0.325281,0.021,-0.046,-0.038,27805515.0,129420731.0,2022-03-16
DEAPCOIN,DEP,0.027606422572,0.004,-0.009,-0.133,5292541.0,128916638.0,2022-03-16
StormX,STMX,0.01399186433,0.025,0.022,0.003,2316593.0,128800635.0,2022-03-16
RMRK,RMRK,13.65,0.03,0.044,0.006,4743523.0,128405686.0,2022-03-16
Qredo,QRDO,2.55,0.035,0.134,0.089,23819831.0,126060547.0,2022-03-16
Stratis,STRAX,0.931273,0.015,0.026,-0.0139999999999999,3193483.0,125656753.0,2022-03-16
STP Network,STPT,0.085865788522,0.0069999999999999,0.006,-0.0409999999999999,11751380.0,125461512.0,2022-03-16
Steem,STEEM,0.315524,0.013,0.01,0.009,6019119.0,124507907.0,2022-03-16
Alpha Finance,ALPHA,0.279294,0.018,0.054,0.021,7405255.0,124373230.0,2022-03-16
NKN,NKN,0.192439,0.03,0.078,0.064,9196680.0,124009174.0,2022-03-16
RSK Infrastructure Framework,RIF,0.150149,0.017,0.032,0.0069999999999999,1193005.0,123524355.0,2022-03-16
Balancer,BAL,11.45,0.0279999999999999,0.022,0.01,24421512.0,123217404.0,2022-03-16
Dawn Protocol,DAWN,1.7,0.016,0.023,0.033,2418035.0,122765002.0,2022-03-16
GXChain,GXC,1.64,0.021,-0.008,-0.019,11166637.0,122187268.0,2022-03-16
Sun Token,SUN,0.01159957152,0.012,0.013,0.02,35127631.0,121791772.0,2022-03-16
Dero,DERO,10.86,0.034,0.015,-0.141,810741.0,120268451.0,2022-03-16
Kirobo,KIRO,0.126408,0.019,0.019,-0.074,30233.26,119964465.0,2022-03-16
Alien Worlds,TLM,0.096545880435,0.036,0.039,-0.002,44383919.0,119120382.0,2022-03-16
Strike,STRK,37.95,0.0069999999999999,0.0139999999999999,-0.031,9721665.0,118658676.0,2022-03-16
Aavegotchi,GHST,1.95,0.0069999999999999,0.008,0.017,28297857.0,117328055.0,2022-03-16
Victoria VR,VR,0.144477,0.051,-0.003,0.032,7068380.0,117291824.0,2022-03-16
Ankr Reward-Bearing Staked ETH,AETHC,2196.39,0.021,0.002,-0.02,1309490.0,116894099.0,2022-03-16
Decentral Games,DG,0.306293,0.005,0.002,0.003,854759.0,116422219.0,2022-03-16
Meerkat Shares,MSHARE,12965.17,0.013,0.03,0.922,8304162.0,115928010.0,2022-03-16
FUNToken,FUN,0.010933267139,0.012,-0.004,-0.011,853332.0,115804492.0,2022-03-16
THORChain (ERC20),RUNE,7.15,0.07,-0.07,0.762,1838591.0,115794807.0,2022-03-16
TrueFi,TRU,0.180166,0.025,-0.008,0.069,9656824.0,115725924.0,2022-03-16
agEUR,AGEUR,1.1,0.003,0.003,0.011,3811883.0,115711833.0,2022-03-16
sETH2,SETH2,2740.47,0.027,0.035,0.068,19698.74,114815124.0,2022-03-16
Maple,MPL,25.38,-0.005,-0.019,0.154,3006803.0,114666914.0,2022-03-16
Spookyswap,BOO,12.83,0.0279999999999999,-0.0279999999999999,-0.109,5125254.0,114555634.0,2022-03-16
AIOZ Network,AIOZ,0.237396,0.047,0.287,0.241,13715452.0,114207956.0,2022-03-16
Tomb Shares,TSHARE,2920.47,0.043,0.077,-0.351,10610367.0,113643147.0,2022-03-16
Beefy.Finance,BIFI,1455.73,0.012,0.047,-0.059,1429792.0,112999254.0,2022-03-16
TitanSwap,TITAN,1.13,0.0,-0.002,-0.072,24704.16,112504097.0,2022-03-16
Phantasma,SOUL,1.08,0.0279999999999999,0.13,-0.024,2762350.0,112079479.0,2022-03-16
Tornado Cash,TORN,47.91,0.023,0.006,-0.071,10096292.0,111960444.0,2022-03-16
Alchemix,ALCX,95.14,0.0279999999999999,-0.042,-0.125,8581305.0,111651916.0,2022-03-16
DODO,DODO,0.391699,0.033,0.064,0.0,53854854.0,111498427.0,2022-03-16
Hoo Token,HOO,1.34,-0.002,0.049,-0.0139999999999999,8376366.0,111488236.0,2022-03-16
BTC Standard Hashrate Token,BTCST,15.38,0.032,0.022,-0.08,10770376.0,110711281.0,2022-03-16
KardiaChain,KAI,0.033106050211,0.005,0.012,0.092,3633167.0,110596002.0,2022-03-16
Klever,KLV,0.021137782806,0.027,0.034,0.054,4429411.0,109983784.0,2022-03-16
Orion Protocol,ORN,3.13,0.066,0.069,0.022,10611478.0,108618470.0,2022-03-16
BENQI Liquid Staked AVAX,SAVAX,73.3,0.035,0.036,0.003,232010.0,108588792.0,2022-03-16
PlatON Network,LAT,0.045411075152,0.011,0.01,-0.0579999999999999,4190176.0,108434635.0,2022-03-16
Hathor,HTR,0.479597,0.052,0.047,0.025,3389005.0,108345431.0,2022-03-16
Kava Swap,SWP,1.81,-0.009,-0.013,0.02,1850449.0,107989085.0,2022-03-16
Proton,XPR,0.010978430413,0.022,-0.02,-0.067,4912504.0,107238670.0,2022-03-16
Utrust,UTK,0.233365,0.018,-0.011,-0.0069999999999999,6103029.0,107165105.0,2022-03-16
Regen,REGEN,0.862787,0.018,0.036,0.002,113190.0,106505797.0,2022-03-16
My Neighbor Alice,ALICE,6.07,0.032,0.057,-0.002,99300009.0,105126141.0,2022-03-16
BakerySwap,BAKE,0.548429,0.027,0.033,-0.005,11013168.0,104901896.0,2022-03-16
QuarkChain,QKC,0.015632618015,0.009,0.006,-0.019,2276212.0,103653419.0,2022-03-16
Hydra,HYDRA,8.93,0.005,-0.089,-0.004,444955.0,103576699.0,2022-03-16
TomoChain,TOMO,1.17,0.02,0.046,0.039,5201034.0,103142455.0,2022-03-16
Pylon Protocol,MINE,0.053553941991,0.011,0.046,0.093,1026416.0,102790559.0,2022-03-16
Ellipsis,EPS,0.164725,0.0139999999999999,0.036,0.042,8159278.0,102630468.0,2022-03-16
Venus,XVS,8.52,0.017,0.0069999999999999,-0.011,7769662.0,102446263.0,2022-03-16
Railgun,RAIL,1.78,0.013,0.0559999999999999,-0.0409999999999999,448935.0,102343090.0,2022-03-16
Seedify.fund,SFUND,4.33,0.016,0.033,-0.161,3442729.0,102337446.0,2022-03-16
Hermez Network,HEZ,6.09,0.009,0.003,0.0139999999999999,105821.0,102164945.0,2022-03-16
Alpine F1 Team Fan Token,ALPINE,8.76,0.003,0.049,1.7180000000000002,153521893.0,99922202.0,2022-03-16
ICHI,ICHI,22.69,0.023,0.049,0.133,910181.0,99403281.0,2022-03-16
JasmyCoin,JASMY,0.021231711358,0.005,0.253,0.913,480261670.0,99367227.0,2022-03-16
CRYPTO20,C20,2.94,0.006,-0.047,-0.011,53097.41,98979226.0,2022-03-16
Decentral Games Governance,XDG,0.32163,0.01,0.013,0.002,121569.0,98858963.0,2022-03-16
Metal,MTL,1.52,0.024,0.0289999999999999,-0.0069999999999999,12492929.0,98095635.0,2022-03-16
Wilder World,WILD,1.17,0.065,-0.002,-0.127,4735954.0,97124495.0,2022-03-16
Wrapped Centrifuge,WCFG,0.486023,0.004,0.021,-0.008,1702240.0,97035126.0,2022-03-16
Bitcoin Diamond,BCD,0.515751,0.008,0.025,-0.016,823683.0,96592411.0,2022-03-16
sUSD,SUSD,0.995877,-0.001,0.001,-0.002,8450530.0,95584478.0,2022-03-16
sETH,SETH,2732.47,0.025,0.034,0.065,5049393.0,95094991.0,2022-03-16
Bounce,AUCTION,13.1,0.016,0.018,0.027,1741028.0,94296802.0,2022-03-16
Augur,REP,13.43,0.019,0.02,-0.015,7904878.0,93213520.0,2022-03-16
Verasity,VRA,0.020985885492,0.048,0.0559999999999999,0.009,58902495.0,92248152.0,2022-03-16
Neutrino System Base Token,NSBT,36.47,0.0139999999999999,0.09,0.349,365249.0,92043237.0,2022-03-16
Platypus Finance,PTP,4.82,0.045,-0.049,-0.153,2928863.0,91532885.0,2022-03-16
Ampleforth,AMPL,1.12,0.019,0.146,0.235,9846521.0,91484573.0,2022-03-16
Wanchain,WAN,0.473501,0.018,0.01,-0.024,7300330.0,91110234.0,2022-03-16
IDEX,IDEX,0.142817,0.013,-0.002,-0.018,22972045.0,90978713.0,2022-03-16
Dopex Rebate Token,RDPX,101.45,0.0559999999999999,0.04,0.113,3498225.0,90554011.0,2022-03-16
Everipedia,IQ,0.009006140462,0.0069999999999999,0.031,0.022,3388475.0,89718345.0,2022-03-16
ZoidPay,ZPAY,0.309582,0.037,0.049,0.32,200162.0,89683955.0,2022-03-16
Electroneum,ETN,0.005086662997,0.017,0.026,-0.017,176858.0,89440714.0,2022-03-16
KeeperDAO,ROOK,108.14,0.005,0.022,-0.001,420336.0,87457228.0,2022-03-16
cUNI,CUNI,0.177688,0.001,0.008,0.0,818771.0,86960205.0,2022-03-16
Dvision Network,DVI,0.348705,0.011,0.045,-0.1689999999999999,893982.0,85948342.0,2022-03-16
AllianceBlock,ALBT,0.222035,0.025,0.075,0.046,594392.0,85612394.0,2022-03-16
Bonfida,FIDA,1.61,0.02,0.0069999999999999,-0.114,4391814.0,85251644.0,2022-03-16
Adventure Gold,AGLD,1.1,-0.002,0.1889999999999999,0.098,57235927.0,85075417.0,2022-03-16
Avalaunch,XAVA,3.78,0.0289999999999999,0.032,-0.022,709787.0,84389747.0,2022-03-16
HUNT,HUNT,0.769839,0.005,0.044,-0.032,72974143.0,83873286.0,2022-03-16
Automata,ATA,0.367835,0.031,0.0409999999999999,0.035,10518480.0,83514063.0,2022-03-16
Banana,BANANA,18.71,0.016,-0.141,0.708,550846.0,83416764.0,2022-03-16
chrono.tech,TIME,118.16,0.023,0.036,-0.147,295233.0,83232136.0,2022-03-16
Celo Dollar,CUSD,0.999208,0.003,0.005,0.001,770929.0,82951206.0,2022-03-16
CertiK,CTK,1.18,0.016,0.04,0.04,7896532.0,82919242.0,2022-03-16
Adshares,ADS,3.46,0.0139999999999999,0.063,0.3289999999999999,1223986.0,82839334.0,2022-03-16
DFI.money,YFII,2051.79,0.022,0.086,0.104,16874472.0,81618922.0,2022-03-16
Gains Farm,GFARM2,2267.65,0.013,0.033,0.036,133497.0,81067367.0,2022-03-16
Gitcoin,GTC,5.67,0.04,0.06,-0.005,13047215.0,80324424.0,2022-03-16
Biswap,BSW,0.357696,0.019,0.042,0.149,5174312.0,80023062.0,2022-03-16
Clover Finance,CLV,0.305749,0.02,0.01,-0.016,8210647.0,79586374.0,2022-03-16
SafePal,SFP,0.733022,0.027,0.023,-0.039,14792090.0,78755589.0,2022-03-16
Enzyme,MLN,53.93,0.02,0.02,0.046,7197240.0,78254927.0,2022-03-16
Crabada,CRA,0.908045,0.047,0.106,0.031,2532869.0,78203679.0,2022-03-16
Covalent,CQT,0.308264,0.022,-0.039,-0.147,4464667.0,78070115.0,2022-03-16
Aergo,AERGO,0.216541,0.011,0.003,-0.14,8958942.0,78030243.0,2022-03-16
Nerve Finance,NRV,0.01746492327,0.001,-0.0279999999999999,-0.087,37129.53,77747624.0,2022-03-16
Swarm,BZZ,1.2,0.013,0.049,-0.008,1500542.0,77516525.0,2022-03-16
BENQI,QI,0.049616183289,0.036,0.011,-0.023,9851172.0,77090931.0,2022-03-16
Somnium Space CUBEs,CUBE,5.9,0.024,0.055,0.114,223101.0,76435550.0,2022-03-16
Rai Reflex Index,RAI,3.03,0.001,-0.001,0.003,1012855.0,76393616.0,2022-03-16
PEAKDEFI,PEAK,0.056409521696,0.004,0.0069999999999999,-0.175,51980.14,76293156.0,2022-03-16
Propy,PRO,1.31,0.021,-0.039,-0.1889999999999999,1379488.0,76264908.0,2022-03-16
Aurory,AURY,8.02,0.006,0.002,-0.008,1527291.0,76264310.0,2022-03-16
mStable USD,MUSD,0.999331,0.001,0.003,-0.0,207110.0,75247445.0,2022-03-16
bZx Protocol,BZRX,0.177963,0.022,0.427,0.48,16.65,74186632.0,2022-03-16
ShapeShift FOX Token,FOX,0.273188,0.0139999999999999,0.001,-0.005,593740.0,73980085.0,2022-03-16
SingularityNET,AGIX,0.084142124159,0.026,-0.003,-0.036,868150.0,73918145.0,2022-03-16
Handshake,HNS,0.156275,0.019,-0.054,-0.108,197146.0,73747459.0,2022-03-16
Kin,KIN,4.1143641e-05,-0.022,0.094,-0.008,1152459.0,73595419.0,2022-03-16
RIZON,ATOLO,0.035663494252,0.046,0.023,-0.016,331202.0,72989274.0,2022-03-16
Vader Protocol,VADER,0.014381539264,-0.039,-0.096,-0.337,1480880.0,72963217.0,2022-03-16
DeFi Pulse Index,DPI,155.37,0.0289999999999999,0.042,0.054,207236.0,72755648.0,2022-03-16
Sovryn,SOV,3.43,0.006,-0.0069999999999999,-0.071,406765.0,72604865.0,2022-03-16
Badger DAO,BADGER,7.32,0.024,0.027,-0.006,4125819.0,72581913.0,2022-03-16
TempleDAO,TEMPLE,0.666697,0.021,-0.003,-0.025,1492924.0,71996496.0,2022-03-16
Wrapped NXM,WNXM,26.65,0.027,0.024,0.005,3964149.0,70945266.0,2022-03-16
Hifi Finance,MFT,0.00755611809,0.011,-0.054,0.052,58152200.0,70736052.0,2022-03-16
Dock,DOCK,0.033479547514,0.024,-0.002,-0.0,3240870.0,70448413.0,2022-03-16
Sifchain,EROWAN,0.091107956047,0.026,-0.024,-0.023,3841586.0,70322023.0,2022-03-16
Retreeb,TREEB,0.225841,0.035,0.1369999999999999,0.07,905540.0,70125336.0,2022-03-16
Presearch,PRE,0.179852,0.022,-0.042,0.0,598873.0,70111160.0,2022-03-16
PlatonCoin,PLTC,0.640304,-0.001,0.019,0.126,280435.0,69590558.0,2022-03-16
Aave [OLD],LEND,1.36,0.026,0.08,0.038,5128.17,69502548.0,2022-03-16
ShareToken,SHR,0.007189378251,0.013,-0.046,-0.138,221837.0,69453171.0,2022-03-16
Circuits of Value,COVAL,0.038262750519,-0.001,0.035,-0.038,601191.0,69008937.0,2022-03-16
Travala.com,AVA,1.33,0.018,0.021,0.051,3953320.0,68723455.0,2022-03-16
Redacted Cartel,BTRFLY,114.27,0.009,0.004,-0.204,580990.0,68675140.0,2022-03-16
IRISnet,IRIS,0.05572426797,0.022,-0.008,-0.027,6277598.0,68613799.0,2022-03-16
ChainX,PCX,1.77,0.054,0.172,0.078,445046.0,68530128.0,2022-03-16
Index Coop - ETH 2x Flexible Leverage Index,ETH2X-FLI,66.16,0.049,0.06,0.119,2344685.0,68519516.0,2022-03-16
cVault.finance,CORE,6768.4,0.016,0.031,0.004,295513.0,68514733.0,2022-03-16
ThunderCore,TT,0.007869637878,0.006,-0.003,0.018,13601229.0,67862398.0,2022-03-16
OpenDAO,SOS,1.708294e-06,0.03,0.053,-0.09,14382323.0,67555662.0,2022-03-16
Carry,CRE,0.007639549275,0.0139999999999999,-0.023,-0.001,15140717.0,66948840.0,2022-03-16
ARPA Chain,ARPA,0.068515692234,0.0279999999999999,0.026,-0.008,14838311.0,66892485.0,2022-03-16
GuildFi,GF,1.54,0.005,0.0069999999999999,0.0409999999999999,7298293.0,66370610.0,2022-03-16
EverRise,RISE,0.000950733762,0.013,0.081,0.03,423218.0,66340451.0,2022-03-16
SuperRare,RARE,0.458127,0.018,0.0289999999999999,0.0289999999999999,16421385.0,66264262.0,2022-03-16
Oxygen,OXY,0.325739,0.015,0.001,0.084,464624.0,65770433.0,2022-03-16
Bitcoin,BTC,40851.38,0.001,0.0,-0.027,20476118020.0,776077432316.0,2022-03-17
Ethereum,ETH,2824.42,0.004,0.0289999999999999,0.034,13640408875.0,339077214308.0,2022-03-17
Tether,USDT,1.0,-0.0,0.0,0.0,44131404071.0,80205879149.0,2022-03-17
BNB,BNB,389.61,0.002,0.016,-0.01,1425353937.0,65561157431.0,2022-03-17
USD Coin,USDC,0.999739,-0.001,0.0,-0.0,3569816487.0,52596068421.0,2022-03-17
XRP,XRP,0.796926,0.006,0.016,0.038,3642947060.0,38342363497.0,2022-03-17
Terra,LUNA,87.64,-0.0,-0.02,-0.118,1555363904.0,32256574723.0,2022-03-17
Solana,SOL,90.62,0.016,0.0579999999999999,0.0279999999999999,1921988835.0,29270600684.0,2022-03-17
Cardano,ADA,0.838396,0.002,0.018,-0.013,784436216.0,26891734979.0,2022-03-17
Avalanche,AVAX,79.78,0.002,0.083,0.027,1386901493.0,21282040395.0,2022-03-17
Polkadot,DOT,18.88,0.001,0.02,0.0559999999999999,665211395.0,20667608398.0,2022-03-17
Binance USD,BUSD,0.999538,-0.001,-0.002,-0.001,3713594658.0,17812484632.0,2022-03-17
Dogecoin,DOGE,0.11685,0.001,0.011,-0.038,364002532.0,15509604862.0,2022-03-17
TerraUSD,UST,1.0,-0.0,-0.001,0.002,566868455.0,15173316373.0,2022-03-17
Shiba Inu,SHIB,2.2354322e-05,-0.002,-0.002,-0.063,435900196.0,12283647613.0,2022-03-17
Wrapped Bitcoin,WBTC,40815.68,-0.001,0.0,-0.0279999999999999,257062192.0,11140930359.0,2022-03-17
Cronos,CRO,0.40337,-0.001,0.004,-0.013,64923668.0,10212443722.0,2022-03-17
Polygon,MATIC,1.46,0.009,0.012,-0.031,584477121.0,10031137796.0,2022-03-17
Dai,DAI,1.0,0.0,0.001,0.0,233460109.0,9445061382.0,2022-03-17
Cosmos Hub,ATOM,28.48,0.005,-0.012,-0.053,504577854.0,8263048473.0,2022-03-17
Litecoin,LTC,110.64,-0.002,0.011,0.037,541046078.0,7733039423.0,2022-03-17
Lido Staked Ether,STETH,2824.49,0.005,0.03,0.035,6987747.0,7293486788.0,2022-03-17
Near,NEAR,10.9,0.003,0.026,-0.063,392643350.0,7152121268.0,2022-03-17
Chainlink,LINK,14.54,0.003,0.009,0.037,555565709.0,6790110728.0,2022-03-17
TRON,TRX,0.060963260767,0.001,0.004,0.002,431830570.0,6203344202.0,2022-03-17
FTX Token,FTT,43.02,0.001,0.016,0.004,63018114.0,5917599044.0,2022-03-17
LEO Token,LEO,6.23,0.004,0.044,0.068,1071771.0,5840393387.0,2022-03-17
Bitcoin Cash,BCH,297.65,0.002,0.006,-0.035,1192569491.0,5652413614.0,2022-03-17
OKB,OKB,19.98,0.001,0.049,0.075,170494374.0,5198998452.0,2022-03-17
Algorand,ALGO,0.755697,0.013,0.034,-0.017,138333415.0,5010872275.0,2022-03-17
Stellar,XLM,0.190708,0.003,0.021,0.009,202509305.0,4685689241.0,2022-03-17
Uniswap,UNI,9.22,0.002,0.02,0.003,158548328.0,4212948930.0,2022-03-17
Hedera,HBAR,0.206426,0.001,0.031,-0.031,50736623.0,4083726959.0,2022-03-17
Axie Infinity,AXS,50.9,0.006,0.01,0.044,229754416.0,3771229668.0,2022-03-17
Decentraland,MANA,2.45,0.002,0.01,-0.019,385577318.0,3706590158.0,2022-03-17
The Sandbox,SAND,3.21,0.004,0.042,0.083,1054426538.0,3671953183.0,2022-03-17
Internet Computer,ICP,16.83,0.003,0.034,-0.037,139063958.0,3629124742.0,2022-03-17
Ethereum Classic,ETC,27.11,0.004,0.006,-0.036,254873416.0,3623500485.0,2022-03-17
Elrond,EGLD,159.18,-0.003,-0.02,0.121,163087133.0,3510358610.0,2022-03-17
Monero,XMR,187.35,0.003,-0.01,-0.0069999999999999,162222710.0,3388734398.0,2022-03-17
cETH,CETH,56.52,0.001,0.052,0.037,4709.81,3354874341.0,2022-03-17
VeChain,VET,0.048673709569,0.004,0.016,0.002,226027621.0,3250000117.0,2022-03-17
Filecoin,FIL,17.67,0.002,0.024,-0.062,194035869.0,3150729995.0,2022-03-17
Fantom,FTM,1.22,-0.003,0.001,-0.107,662240690.0,3103751456.0,2022-03-17
Klaytn,KLAY,1.1,0.004,-0.002,-0.032,40036524.0,3037372912.0,2022-03-17
Osmosis,OSMO,9.33,0.002,-0.0069999999999999,-0.077,61428078.0,3010426563.0,2022-03-17
Waves,WAVES,28.78,0.003,0.0069999999999999,0.008,728914468.0,2875764773.0,2022-03-17
Frax,FRAX,0.999541,0.001,-0.0,-0.001,15926230.0,2873694989.0,2022-03-17
Theta Network,THETA,2.87,0.003,0.019,-0.065,102779208.0,2860648763.0,2022-03-17
Magic Internet Money,MIM,0.998598,0.001,0.001,-0.002,57656794.0,2782892167.0,2022-03-17
Tezos,XTZ,3.1,0.003,0.017,-0.027,74557601.0,2726280216.0,2022-03-17
The Graph,GRT,0.4138,0.012,-0.06,0.193,215095821.0,2557806263.0,2022-03-17
cUSDC,CUSDC,0.022557565168,0.002,0.001,0.001,1167.72,2466484503.0,2022-03-17
THORChain,RUNE,8.08,0.006,0.1159999999999999,0.4639999999999999,384542700.0,2430711865.0,2022-03-17
Helium,HNT,22.94,0.004,0.057,0.057,21484397.0,2312307759.0,2022-03-17
EOS,EOS,2.09,0.006,0.012,0.009,228300347.0,2061422334.0,2022-03-17
Flow,FLOW,5.72,0.01,0.052,-0.053,118680955.0,2031100138.0,2022-03-17
Aave,AAVE,147.18,0.0069999999999999,0.071,0.153,406722278.0,2009385126.0,2022-03-17
IOTA,MIOTA,0.714113,-0.0,0.003,-0.033,23553216.0,1985719860.0,2022-03-17
ECOMI,OMI,0.003390695541,0.001,-0.0069999999999999,-0.253,3682195.0,1972387319.0,2022-03-17
cDAI,CDAI,0.021937899212,0.0,0.001,0.001,187.54,1928856560.0,2022-03-17
Theta Fuel,TFUEL,0.164365,0.005,0.012,0.025,15319348.0,1886178774.0,2022-03-17
Maker,MKR,2079.04,0.008,0.052,0.087,96980207.0,1874509741.0,2022-03-17
Zcash,ZEC,152.32,0.0,0.023,0.076,357248948.0,1862253242.0,2022-03-17
PancakeSwap,CAKE,6.51,0.002,0.172,0.043,449533416.0,1806774957.0,2022-03-17
JUNO,JUNO,39.16,0.003,0.021,-0.071,8314477.0,1786829872.0,2022-03-17
Gala,GALA,0.230194,-0.001,0.01,-0.0139999999999999,598834885.0,1738051630.0,2022-03-17
BitTorrent,BTT,1.826877e-06,0.002,0.009,-0.017,72096087.0,1685671515.0,2022-03-17
Arweave,AR,33.62,0.016,0.034,-0.107,39217699.0,1683869236.0,2022-03-17
Huobi BTC,HBTC,40909.07,-0.001,-0.008,-0.027,2193840.0,1631618698.0,2022-03-17
Harmony,ONE,0.13101,0.0069999999999999,0.027,-0.035,66326965.0,1548715682.0,2022-03-17
Quant,QNT,114.66,0.005,0.018,-0.035,21373345.0,1538860559.0,2022-03-17
eCash,XEC,7.9780188e-05,-0.002,0.0069999999999999,0.046,23608652.0,1517444421.0,2022-03-17
Bitcoin SV,BSV,78.09,0.002,0.013,-0.065,82946701.0,1484128146.0,2022-03-17
NEO,NEO,20.65,0.001,0.026,-0.03,131240437.0,1456710686.0,2022-03-17
Huobi Token,HT,9.11,0.0,0.013,-0.001,29386478.0,1418233628.0,2022-03-17
TrueUSD,TUSD,1.0,0.0,-0.0,-0.001,96692815.0,1413028225.0,2022-03-17
Xido Finance,XIDO,48.68,0.047,0.5770000000000001,1.357,1489749.0,1388958494.0,2022-03-17
Celsius Network,CEL,3.27,0.001,0.03,0.0559999999999999,3708538.0,1388056538.0,2022-03-17
KuCoin Token,KCS,18.19,-0.006,-0.011,-0.032,8987570.0,1385861365.0,2022-03-17
Enjin Coin,ENJ,1.42,0.004,0.017,0.021,113142084.0,1330338268.0,2022-03-17
Stacks,STX,1.26,0.004,0.001,0.119,24411447.0,1327159918.0,2022-03-17
Humans.ai,HEART,0.041455610624,-0.006,-0.063,-0.5579999999999999,898844.0,1309127902.0,2022-03-17
Celo,CELO,3.01,-0.025,0.195,0.044,746494395.0,1293158139.0,2022-03-17
Basic Attention Token,BAT,0.851143,0.002,0.035,0.241,207580189.0,1275120629.0,2022-03-17
Radix,XRD,0.128757,0.02,0.053,0.074,221810.0,1262403652.0,2022-03-17
NEXO,NEXO,2.21,0.006,0.0139999999999999,0.02,5428058.0,1240018250.0,2022-03-17
Kusama,KSM,134.99,0.0069999999999999,0.064,0.0,69995764.0,1211430260.0,2022-03-17
Amp,AMP,0.025125131288,-0.002,0.005,-0.033,6754386.0,1207186380.0,2022-03-17
Chiliz,CHZ,0.203275,0.018,0.025,0.013,108108608.0,1083816831.0,2022-03-17
Kadena,KDA,6.24,0.008,0.003,-0.053,48584887.0,1069867085.0,2022-03-17
Dash,DASH,96.91,0.002,-0.0069999999999999,-0.0289999999999999,165410045.0,1029536952.0,2022-03-17
Frax Share,FXS,17.71,0.002,-0.01,-0.012,3134769.0,1023317870.0,2022-03-17
Convex Finance,CVX,18.71,0.006,0.024,0.095,22222451.0,1013012985.0,2022-03-17
BitDAO,BIT,1.14,0.003,0.012,0.001,42339293.0,1011521016.0,2022-03-17
Pax Dollar,USDP,0.99955,-0.001,-0.0,-0.001,71689116.0,995452485.0,2022-03-17
Synthetix Network Token,SNX,4.48,0.001,0.059,-0.06,99940204.0,960919289.0,2022-03-17
GateToken,GT,6.32,-0.004,-0.031,-0.05,6795778.0,959114001.0,2022-03-17
Loopring,LRC,0.715444,-0.001,0.0069999999999999,-0.033,92431592.0,891618804.0,2022-03-17
NEM,XEM,0.097812627388,0.003,-0.004,-0.027,12854080.0,880846859.0,2022-03-17
Mina Protocol,MINA,2.02,-0.013,0.118,0.068,132755480.0,851729245.0,2022-03-17
Curve DAO Token,CRV,2.13,-0.002,0.0559999999999999,-0.011,162949799.0,838186885.0,2022-03-17
Oasis Network,ROSE,0.228057,0.002,0.002,-0.047,46311590.0,795948991.0,2022-03-17
Secret,SCRT,4.73,0.004,0.0279999999999999,-0.002,7931935.0,784928146.0,2022-03-17
LINK,LN,131.31,0.001,0.017,0.022,2027017.0,784870999.0,2022-03-17
cUSDT,CUSDT,0.021768404499,0.0,0.0,0.0,5320.09,775840943.0,2022-03-17
Compound,COMP,115.17,0.001,0.051,0.045,55258209.0,766476634.0,2022-03-17
Anchor Protocol,ANC,2.85,-0.005,-0.083,-0.335,77859396.0,754479150.0,2022-03-17
Decred,DCR,52.84,-0.012,-0.07,-0.059,10725860.0,732991389.0,2022-03-17
IoTeX,IOTX,0.077158067035,-0.015,0.0069999999999999,0.0579999999999999,53815127.0,732645462.0,2022-03-17
Holo,HOT,0.004092449012,0.002,-0.013,-0.026,45825585.0,726741711.0,2022-03-17
Bitkub Coin,KUB,7.93,-0.002,0.004,-0.045,2877708.0,703620569.0,2022-03-17
yearn.finance,YFI,19370.21,-0.004,0.02,-0.049,79795044.0,691957768.0,2022-03-17
Neutrino USD,USDN,1.0,-0.001,-0.003,0.008,6067663.0,685994297.0,2022-03-17
Nexus Mutual,NXM,95.18,0.006,0.03,0.035,21594.97,655250086.0,2022-03-17
XDC Network,XDC,0.052299016906,0.012,0.034,-0.0559999999999999,9542402.0,644478092.0,2022-03-17
Smooth Love Potion,SLP,0.017171858167,0.003,0.038,-0.064,237291070.0,642859351.0,2022-03-17
WAX,WAXP,0.276858,0.001,0.01,-0.04,20480550.0,626238810.0,2022-03-17
Qtum,QTUM,5.97,0.003,0.003,-0.013,61604038.0,621303049.0,2022-03-17
Sushi,SUSHI,3.21,0.012,0.0279999999999999,0.009,138705772.0,618121984.0,2022-03-17
PAX Gold,PAXG,1946.03,-0.002,0.005,-0.024,22038867.0,617755161.0,2022-03-17
1inch,1INCH,1.49,0.008,-0.003,0.087,64145152.0,617505356.0,2022-03-17
renBTC,RENBTC,40854.63,0.002,0.009,-0.026,10275356.0,613544826.0,2022-03-17
Livepeer,LPT,24.57,0.013,0.032,-0.023,11245178.0,612934461.0,2022-03-17
Marinade staked SOL,MSOL,93.71,0.013,0.0579999999999999,0.027,14128670.0,607857600.0,2022-03-17
Bancor Network Token,BNT,2.32,0.005,0.013,0.011,18087546.0,595471450.0,2022-03-17
Ankr,ANKR,0.072733294373,0.001,0.0069999999999999,-0.05,21277459.0,594634282.0,2022-03-17
Pocket Network,POKT,0.697976,-0.003,-0.0,-0.079,1086957.0,587728129.0,2022-03-17
Zilliqa,ZIL,0.041562864374,0.002,0.013,0.001,30167523.0,585253625.0,2022-03-17
OMG Network,OMG,4.13,0.003,0.005,0.037,75465179.0,579014475.0,2022-03-17
Gnosis,GNO,306.2,0.001,0.025,-0.025,1192417.0,571602114.0,2022-03-17
Render Token,RNDR,2.46,0.001,0.011,-0.073,19940200.0,568806275.0,2022-03-17
Fei USD,FEI,1.0,0.002,0.003,0.009,6008234.0,560856126.0,2022-03-17
ICON,ICX,0.745261,0.002,-0.011,-0.102,27185040.0,547848667.0,2022-03-17
SafeMoon,SFM,0.000962072159,0.012,-0.064,-0.152,310296.0,544136940.0,2022-03-17
Ravencoin,RVN,0.051574181471,0.003,-0.003,-0.067,14056137.0,539976450.0,2022-03-17
IOST,IOST,0.022801632948,0.0,0.01,-0.027,36690680.0,526323716.0,2022-03-17
Bitcoin Gold,BTG,29.92,0.0,0.0069999999999999,-0.036,6176845.0,523876360.0,2022-03-17
Kava,KAVA,3.21,0.001,0.013,-0.009,15300789.0,517309409.0,2022-03-17
Rally,RLY,0.196257,0.015,0.09,-0.001,7033356.0,510399595.0,2022-03-17
e-Radix,EXRD,0.128151,0.009,0.05,0.078,2236562.0,508057632.0,2022-03-17
UMA,UMA,7.69,-0.003,-0.006,-0.046,62505441.0,503852158.0,2022-03-17
OEC Token,OKT,32.97,0.001,0.024,-0.083,3504725.0,502905278.0,2022-03-17
Songbird,SGB,0.063697975897,0.003,0.0139999999999999,-0.1169999999999999,1141938.0,495479119.0,2022-03-17
WOO Network,WOO,0.512092,0.004,0.04,0.018,49800358.0,489182316.0,2022-03-17
Moonbeam,GLMR,2.41,-0.004,0.0139999999999999,-0.08,44775987.0,485893979.0,2022-03-17
Velas,VLX,0.213294,0.002,0.001,-0.049,3415563.0,485455669.0,2022-03-17
Tether Gold,XAUT,1958.19,0.001,0.004,-0.023,2671319.0,483043378.0,2022-03-17
Horizen,ZEN,39.44,0.001,0.021,-0.054,25684055.0,480024115.0,2022-03-17
Sapphire,SAPP,0.569767,0.005,0.012,-0.045,241909.0,478721909.0,2022-03-17
Rocket Pool,RPL,29.01,0.003,-0.034,0.0289999999999999,1766976.0,469695713.0,2022-03-17
Golem,GLM,0.466554,0.001,0.003,-0.088,12086033.0,466317264.0,2022-03-17
Liquity USD,LUSD,1.01,0.001,0.002,0.001,3788413.0,465309713.0,2022-03-17
Audius,AUDIO,0.743362,0.001,0.01,-0.046,6575647.0,457745959.0,2022-03-17
STEPN,GMT,0.761181,0.013,0.425,4.6080000000000005,1358531219.0,456251258.0,2022-03-17
Baby Doge Coin,BABYDOGE,2.83e-09,0.004,-0.012,-0.071,9830393.0,449901755.0,2022-03-17
Siacoin,SC,0.008924907028,0.006,0.002,-0.0579999999999999,8429351.0,448569310.0,2022-03-17
Ontology,ONT,0.509902,0.004,0.021,-0.027,26504330.0,446660094.0,2022-03-17
0x,ZRX,0.51816,0.003,0.016,-0.01,24224308.0,439124277.0,2022-03-17
Metis Token,METIS,146.26,0.0069999999999999,-0.001,-0.075,36285014.0,438927006.0,2022-03-17
APENFT,NFT,1.538902e-06,0.001,0.01,-0.052,52887977.0,426608620.0,2022-03-17
Synapse,SYN,2.42,0.004,0.111,-0.011,8785527.0,425904952.0,2022-03-17
dYdX,DYDX,4.8,0.0,0.034,-0.053,84542474.0,410559152.0,2022-03-17
SwissBorg,CHSB,0.426636,-0.004,-0.002,-0.077,717426.0,407989611.0,2022-03-17
Everdome,DOME,0.047881406153,-0.025,0.131,0.038,59460882.0,407661797.0,2022-03-17
SKALE,SKL,0.123037,0.002,-0.026,-0.013,8458820.0,399524174.0,2022-03-17
Dogelon Mars,ELON,7.16912e-07,0.006,-0.01,-0.035,8089301.0,395179401.0,2022-03-17
Convex CRV,CVXCRV,2.1,0.022,0.083,0.022,284039.0,394323956.0,2022-03-17
Olympus,OHM,27.85,0.002,-0.005,-0.147,8810942.0,391190971.0,2022-03-17
Constellation,DAG,0.149017,-0.001,-0.02,0.125,925421.0,376819046.0,2022-03-17
Immutable X,IMX,1.59,0.001,0.01,0.001,74989985.0,374143811.0,2022-03-17
Gemini Dollar,GUSD,0.999103,-0.001,-0.002,-0.001,2599754.0,370970338.0,2022-03-17
JUST,JST,0.049988160157,0.005,0.022,-0.044,46444031.0,365218776.0,2022-03-17
NuCypher,NU,0.423049,0.004,0.008,-0.107,4447816.0,358798163.0,2022-03-17
Polymath,POLY,0.396075,0.002,0.0289999999999999,-0.047,16295087.0,356459406.0,2022-03-17
Ethereum Name Service,ENS,15.1,-0.003,0.075,0.0289999999999999,130802509.0,350492086.0,2022-03-17
Illuvium,ILV,543.69,0.0069999999999999,0.045,0.025,10973374.0,349615509.0,2022-03-17
REN,REN,0.34295,0.002,0.011,-0.153,45489119.0,343396923.0,2022-03-17
Decentralized Social,DESO,32.58,-0.019,-0.038,0.053,665903.0,343383679.0,2022-03-17
Keep Network,KEEP,0.623793,0.001,0.023,-0.066,1863025.0,342624992.0,2022-03-17
Hive,HIVE,0.921978,0.003,0.063,0.008,27492473.0,342506941.0,2022-03-17
Flux,FLUX,1.43,0.002,0.003,0.044,11148974.0,328526106.0,2022-03-17
Nervos Network,CKB,0.010823610593,0.002,0.026,-0.025,5885924.0,326436851.0,2022-03-17
Nano,XNO,2.43,0.025,0.1009999999999999,0.3929999999999999,272633201.0,325248112.0,2022-03-17
HUSD,HUSD,0.999448,-0.001,0.0,-0.0,21491124.0,321832852.0,2022-03-17
Lido DAO,LDO,2.9,0.016,-0.024,0.2289999999999999,6548070.0,320418126.0,2022-03-17
DeFi Kingdoms,JEWEL,4.33,0.0069999999999999,0.053,-0.093,13531791.0,319385783.0,2022-03-17
Ultra,UOS,1.17,0.005,0.024,-0.038,4195149.0,317369548.0,2022-03-17
Spell Token,SPELL,0.003476639888,0.0069999999999999,-0.02,-0.109,47028727.0,316934220.0,2022-03-17
Telcoin,TEL,0.005151230174,0.011,0.051,-0.0139999999999999,2189831.0,316916231.0,2022-03-17
Syscoin,SYS,0.497339,0.019,0.062,-0.043,11664234.0,316225956.0,2022-03-17
FLEX Coin,FLEX,3.95,-0.0,-0.001,0.006,1321112348.0,311501806.0,2022-03-17
ConstitutionDAO,PEOPLE,0.060997698339,0.004,0.004,-0.055,148965778.0,309380835.0,2022-03-17
Kyber Network Crystal,KNC,3.01,0.01,-0.018,-0.043,19917604.0,308453415.0,2022-03-17
LooksRare,LOOKS,1.25,0.018,-0.0279999999999999,0.099,52982527.0,306746978.0,2022-03-17
Tomb,TOMB,1.19,-0.004,0.015,-0.1009999999999999,10836099.0,305642692.0,2022-03-17
Lisk,LSK,2.1,-0.004,0.03,-0.005,8942754.0,304232009.0,2022-03-17
DigitalBits,XDB,0.395059,-0.004,0.015,0.207,1567720.0,302184765.0,2022-03-17
DigiByte,DGB,0.01993648681,0.004,0.0139999999999999,-0.035,12119980.0,302087064.0,2022-03-17
Persistence,XPRT,3.61,-0.001,0.091,0.07,5704698.0,298811585.0,2022-03-17
PlayDapp,PLA,0.812543,0.002,0.016,-0.0279999999999999,21899896.0,295009942.0,2022-03-17
Tenset,10SET,3.29,0.001,0.003,0.345,2346397.0,290187601.0,2022-03-17
Stargaze,STARS,0.387759,0.001,-0.035,-0.209,1422449.0,288957891.0,2022-03-17
Ronin,RON,1.93,0.0,0.036,-0.039,2336649.0,285584777.0,2022-03-17
Trust Wallet Token,TWT,0.81527,-0.006,0.13,0.109,26534917.0,284403138.0,2022-03-17
Casper Network,CSPR,0.067306582006,0.0139999999999999,0.062,0.037,10361454.0,280491915.0,2022-03-17
Tokemak,TOKE,24.1,0.006,-0.042,-0.118,6082833.0,280398265.0,2022-03-17
SafeMoon [OLD],SAFEMOON,5.15423e-07,0.002,0.02,-0.009,879.16,277800683.0,2022-03-17
Radio Caca,RACA,0.001337390452,-0.0,0.004,0.084,17146649.0,277127753.0,2022-03-17
Pirate Chain,ARRR,1.44,-0.003,0.003,0.221,1185789.0,275717440.0,2022-03-17
SXP,SXP,1.41,0.005,0.05,0.045,68376375.0,273381975.0,2022-03-17
MAI,MIMATIC,1.0,0.002,0.003,0.008,5757297.0,269690665.0,2022-03-17
Floki Inu,FLOKI,2.8878952e-05,0.0,0.019,-0.095,7318364.0,264302676.0,2022-03-17
Injective,INJ,5.4,0.008,0.0139999999999999,0.011,25990848.0,262798491.0,2022-03-17
Mobox,MBOX,2.11,-0.004,0.033,0.0559999999999999,42594303.0,261388946.0,2022-03-17
MXC,MXC,0.105998,-0.005,0.017,0.1689999999999999,22877952.0,258748257.0,2022-03-17
Everscale,EVER,0.19269,0.0,-0.0139999999999999,-0.011,14939.44,258439550.0,2022-03-17
Perpetual Protocol,PERP,3.95,0.004,0.023,-0.017,9229627.0,257335955.0,2022-03-17
Zenon,ZNN,5.21,0.0069999999999999,-0.026,-0.114,38130.88,257245207.0,2022-03-17
WINkLink,WIN,0.000265884701,-0.0,-0.001,-0.043,78640150.0,256027145.0,2022-03-17
Coin98,C98,1.37,0.003,0.023,0.036,32845038.0,254083272.0,2022-03-17
WazirX,WRX,0.55677,-0.001,-0.002,-0.123,6363664.0,254078525.0,2022-03-17
Serum,SRM,1.9,0.005,0.018,-0.016,28934537.0,253353070.0,2022-03-17
Lido Staked SOL,STSOL,93.27,0.0139999999999999,0.064,0.0279999999999999,4306699.0,252733440.0,2022-03-17
Zipmex Token,ZMT,2.84,-0.002,0.018,0.003,14507743.0,252612673.0,2022-03-17
Mirror Protocol,MIR,1.71,0.005,0.004,-0.1689999999999999,49984848.0,248849118.0,2022-03-17
Creditcoin,CTC,1.17,-0.001,0.032,0.02,3120629.0,242723178.0,2022-03-17
Tribe,TRIBE,0.531679,-0.005,-0.021,-0.0409999999999999,8080240.0,242034097.0,2022-03-17
VVS Finance,VVS,2.2036915e-05,-0.0,-0.013,-0.129,2778953.0,236041817.0,2022-03-17
Metahero,HERO,0.044697410123,-0.005,-0.01,-0.13,7788330.0,234727576.0,2022-03-17
Yield Guild Games,YGG,2.65,0.022,0.096,-0.013,32498566.0,232020727.0,2022-03-17
Function X,FX,0.490287,-0.008,0.003,-0.025,2789713.0,230355668.0,2022-03-17
API3,API3,4.64,0.003,-0.012,-0.146,30688251.0,230330587.0,2022-03-17
Dent,DENT,0.002405588079,-0.002,0.023,-0.042,15366549.0,230289059.0,2022-03-17
Raydium,RAY,2.52,0.006,0.004,-0.01,20578926.0,229551472.0,2022-03-17
Fetch.ai,FET,0.333007,0.01,0.016,-0.06,18218920.0,229348461.0,2022-03-17
Escoin Token,ELG,3.31,0.005,-0.015,0.017,724098.0,228752259.0,2022-03-17
Euro Tether,EURT,1.11,-0.0,0.006,0.003,14717552.0,228389194.0,2022-03-17
CoinEx Token,CET,0.06114066275,-0.001,-0.0,0.049,525677.0,227207627.0,2022-03-17
Astroport,ASTRO,1.81,-0.002,-0.104,0.095,8759702.0,227045274.0,2022-03-17
Chromia,CHR,0.399507,0.001,0.053,0.02,58264434.0,226830657.0,2022-03-17
Chia,XCH,65.99,-0.003,0.015,-0.077,9082334.0,225459171.0,2022-03-17
xSUSHI,XSUSHI,4.02,0.012,0.0579999999999999,0.022,255785.0,225344906.0,2022-03-17
Cratos,CRTS,0.003236528133,0.003,0.099,-0.027,16517737.0,223198961.0,2022-03-17
Status,SNT,0.057335510854,-0.002,0.01,-0.086,8733449.0,222865089.0,2022-03-17
Telos,TLOS,0.858613,0.001,0.046,-0.059,3788138.0,222068806.0,2022-03-17
Power Ledger,POWR,0.511559,0.002,0.013,-0.04,31170583.0,219951909.0,2022-03-17
Astar,ASTR,0.107755,-0.001,0.044,0.027,8916820.0,218062741.0,2022-03-17
Medibloc,MED,0.040421543227,0.001,0.0069999999999999,-0.013,4569259.0,217275804.0,2022-03-17
Celer Network,CELR,0.03831685277,0.009,0.036,-0.038,29766536.0,216429137.0,2022-03-17
COTI,COTI,0.204755,0.001,0.016,-0.032,12162479.0,215079506.0,2022-03-17
Vulcan Forged,PYR,8.9,0.001,0.023,-0.096,20305571.0,212825987.0,2022-03-17
Dopex,DPX,1173.9,0.0069999999999999,0.042,0.0069999999999999,3078417.0,211922629.0,2022-03-17
Energy Web Token,EWT,5.03,-0.0,0.025,-0.02,1278646.0,211101992.0,2022-03-17
PLEX,PLEX,0.857492,0.024,0.05,0.142,14908002.0,210041737.0,2022-03-17
Orbs,ORBS,0.072277990941,-0.001,0.001,-0.008,5313234.0,209383845.0,2022-03-17
Alchemix USD,ALUSD,0.998794,-0.0,0.0,0.001,142769.0,208931720.0,2022-03-17
XYO Network,XYO,0.016424293565,-0.0,0.005,-0.055,4920583.0,204717393.0,2022-03-17
Boba Network,BOBA,1.28,0.005,0.0579999999999999,0.162,7605916.0,204133364.0,2022-03-17
Ocean Protocol,OCEAN,0.465948,0.001,-0.0069999999999999,0.0069999999999999,13125747.0,202260490.0,2022-03-17
Unibright,UBT,1.34,-0.0,0.135,0.74,1513662.0,201738743.0,2022-03-17
Mdex,MDX,0.231902,0.001,0.037,0.043,10470382.0,200934743.0,2022-03-17
LUKSO Token,LYXE,13.11,-0.002,0.0069999999999999,-0.051,2438281.0,199459617.0,2022-03-17
Mask Network,MASK,4.21,0.002,0.043,-0.01,72687776.0,198784023.0,2022-03-17
DAO Maker,DAO,2.19,0.005,0.005,-0.051,2620710.0,198134048.0,2022-03-17
Origin Protocol,OGN,0.41561,-0.013,-0.043,0.488,103519781.0,197701631.0,2022-03-17
UFO Gaming,UFO,7.566144e-06,0.0069999999999999,0.005,-0.0559999999999999,5528279.0,194844243.0,2022-03-17
Ardor,ARDR,0.194427,-0.004,0.008,-0.043,5019344.0,194331101.0,2022-03-17
Pundi X,PUNDIX,0.745885,0.0,0.008,-0.049,4093358.0,192900544.0,2022-03-17
Civic,CVC,0.28617,-0.001,0.067,0.044,61814649.0,192055742.0,2022-03-17
GMX,GMX,25.47,0.003,0.119,0.0139999999999999,3169278.0,190389663.0,2022-03-17
Kyber Network Crystal Legacy,KNCL,3.03,0.015,-0.011,-0.032,82195466.0,187322633.0,2022-03-17
MX Token,MX,1.87,-0.001,0.006,-0.005,374184.0,186909022.0,2022-03-17
Coinmetro,XCM,0.613238,0.003,0.006,-0.024,36444.53,185482862.0,2022-03-17
Conflux,CFX,0.118894,-0.001,0.022,-0.055,5488882.0,185392410.0,2022-03-17
Yoshi.exchange,YOSHI,1.4,0.001,0.05,0.28,1673418.0,183581718.0,2022-03-17
Wonderland,TIME,200.89,0.002,0.021,-0.054,1142909.0,181461291.0,2022-03-17
MiL.k Alliance,MLK,0.814028,-0.001,-0.0,-0.004,9464173.0,181018689.0,2022-03-17
XSGD,XSGD,0.737151,0.0,0.003,0.002,2206838.0,180464893.0,2022-03-17
Divi,DIVI,0.064853595251,0.018,0.036,-0.008,202892.0,180441034.0,2022-03-17
JOE,JOE,0.982235,-0.011,0.1119999999999999,-0.033,47914853.0,180295364.0,2022-03-17
Radicle,RAD,4.33,-0.0,-0.022,-0.065,7819981.0,178613189.0,2022-03-17
SuperFarm,SUPER,0.612438,-0.002,0.012,-0.062,13815815.0,176123468.0,2022-03-17
Pundi X [OLD],NPXS,0.000739037314,0.005,0.23,-0.0559999999999999,3233.81,175021533.0,2022-03-17
Aragon,ANT,4.6,0.005,-0.0069999999999999,-0.032,20342438.0,174947342.0,2022-03-17
Reserve Rights Token,RSR,0.013289915359,-0.003,-0.037,0.016,62606911.0,174938398.0,2022-03-17
Moonriver,MOVR,51.56,0.001,0.0579999999999999,-0.063,19258945.0,174781398.0,2022-03-17
BTSE Token,BTSE,8.47,0.017,0.0069999999999999,0.088,182389.0,171754643.0,2022-03-17
Ergo,ERG,3.26,-0.006,0.002,0.004,1480738.0,170208459.0,2022-03-17
Rari Governance Token,RGT,15.15,-0.0,0.016,-0.064,109283.0,170001175.0,2022-03-17
Request,REQ,0.219206,-0.002,0.006,0.093,11689099.0,169969973.0,2022-03-17
Cartesi,CTSI,0.321965,0.003,0.033,0.0,17202782.0,167831024.0,2022-03-17
Aurora,AURORA,7.35,-0.001,0.072,-0.069,1298850.0,167615843.0,2022-03-17
Veritaseum,VERI,77.68,-0.064,0.032,0.3279999999999999,61535.04,167034953.0,2022-03-17
Power Cash,PRCH,0.000580255891,0.004,0.057,-0.034,121835.0,165663549.0,2022-03-17
MMFinance,MMF,1.2,-0.002,0.091,0.381,46298812.0,165134827.0,2022-03-17
sBTC,SBTC,40716.13,0.0,0.005,-0.0279999999999999,2583416.0,165066520.0,2022-03-17
Numeraire,NMR,27.87,0.0,-0.009,-0.036,3832085.0,164787989.0,2022-03-17
Alchemy Pay,ACH,0.040004817834,0.005,-0.013,-0.045,6824925.0,164599197.0,2022-03-17
FEG Token BSC,FEG,3.893e-09,0.025,-0.023,-0.013,270143.0,163269693.0,2022-03-17
inSure DeFi,SURE,0.006161036427,0.006,0.03,0.132,1159883.0,162967567.0,2022-03-17
Multichain,MULTI,8.85,-0.001,-0.033,-0.243,841002.0,162445121.0,2022-03-17
Bifrost,BFC,0.149851,-0.0,0.005,-0.026,1897563.0,159291451.0,2022-03-17
Ion,ION,7395.39,-0.037,0.048,-0.139,417792.0,157510201.0,2022-03-17
World Mobile Token,WMT,0.668572,0.001,0.022,-0.0559999999999999,1060965.0,156579542.0,2022-03-17
Poollotto.finance,PLT,17.97,0.015,0.021,0.036,701074.0,156426727.0,2022-03-17
Mango,MNGO,0.150121,0.001,0.015,-0.017,491181.0,156098438.0,2022-03-17
AscendEx Token,ASD,0.209002,-0.002,-0.001,-0.047,1996023.0,155507488.0,2022-03-17
Reef Finance,REEF,0.008484927042,0.002,0.005,-0.022,15128863.0,154953141.0,2022-03-17
Storj,STORJ,1.06,0.003,0.0279999999999999,0.076,22799371.0,153045067.0,2022-03-17
FEG Token,FEG,3.712e-09,-0.012,0.005,0.001,596220.0,152507971.0,2022-03-17
Tokamak Network,TON,3.63,0.001,0.018,-0.049,3175683.0,152418252.0,2022-03-17
Akash Network,AKT,1.14,0.013,0.039,0.005,1488453.0,150977820.0,2022-03-17
Origin Dollar,OUSD,0.996761,-0.001,0.003,-0.005,384674.0,150877504.0,2022-03-17
Verge,XVG,0.009119355152,0.0,-0.001,-0.1369999999999999,3989138.0,150565690.0,2022-03-17
VeThor Token,VTHO,0.003276533427,-0.002,0.01,0.021,5281032.0,149610423.0,2022-03-17
Merit Circle,MC,2.12,-0.001,0.015,0.035,9053682.0,149412537.0,2022-03-17
USDX,USDX,0.972184,0.0069999999999999,0.006,0.003,633490.0,148673012.0,2022-03-17
Band Protocol,BAND,3.57,0.001,-0.012,-0.043,14710862.0,148621625.0,2022-03-17
aelf,ELF,0.320715,-0.001,0.0069999999999999,-0.038,6682894.0,148069098.0,2022-03-17
Biconomy,BICO,1.29,-0.006,-0.018,-0.0,30433864.0,147807938.0,2022-03-17
OriginTrail,TRAC,0.403433,-0.01,0.006,-0.093,1641938.0,147741339.0,2022-03-17
Beldex,BDX,0.09810351345,0.005,-0.0289999999999999,0.3779999999999999,270960.0,147183281.0,2022-03-17
Orchid Protocol,OXT,0.245431,0.0,0.035,0.06,16831078.0,145268599.0,2022-03-17
StarLink,STARL,1.4478205e-05,0.002,0.003,-0.023,6019692.0,144516643.0,2022-03-17
GPEX,GPX,3.77,-0.002,-0.017,-0.061,166864.0,144310185.0,2022-03-17
Kishu Inu,KISHU,1.484e-09,-0.0,-0.039,0.073,5930373.0,143713655.0,2022-03-17
Beta Finance,BETA,0.390171,0.001,0.0069999999999999,-0.087,16200954.0,140529092.0,2022-03-17
Ark,ARK,0.855048,0.008,0.024,-0.053,2191914.0,139681382.0,2022-03-17
TrueFi,TRU,0.214734,0.095,0.1939999999999999,0.242,14102206.0,137832596.0,2022-03-17
STASIS EURO,EURS,1.11,-0.001,0.005,0.001,5583658.0,137830475.0,2022-03-17
Acala,ACA,1.08,0.002,-0.0139999999999999,-0.054,8839438.0,137419617.0,2022-03-17
Keep3rV1,KP3R,361.53,0.003,0.003,-0.032,19120535.0,135737507.0,2022-03-17
Magic,MAGIC,2.66,-0.002,-0.045,-0.054,4586490.0,135701244.0,2022-03-17
Hxro,HXRO,0.304276,0.0,-0.003,-0.066,71104.14,133744124.0,2022-03-17
Sperax,SPA,0.170244,-0.004,0.026,-0.026,911737.0,133654459.0,2022-03-17
MaidSafeCoin,MAID,0.295224,0.001,0.001,-0.067,7810.13,133599281.0,2022-03-17
flexUSD,FLEXUSD,1.0,-0.0,-0.005,0.002,312664.0,132659636.0,2022-03-17
Prometeus,PROM,8.05,-0.001,0.011,-0.031,889637.0,132399958.0,2022-03-17
Iron Bank EURO,IBEUR,1.1,0.0,0.016,0.005,57945.42,132176489.0,2022-03-17
Qredo,QRDO,2.61,-0.0,0.0279999999999999,0.024,16725771.0,131117652.0,2022-03-17
Bezoge Earth,BEZOGE,2.984e-09,-0.004,-0.022,-0.177,176270.0,130736810.0,2022-03-17
Victoria VR,VR,0.154224,0.01,0.067,0.131,10041552.0,130077410.0,2022-03-17
Polkastarter,POLS,1.47,0.018,-0.042,0.198,34461134.0,129790575.0,2022-03-17
DUSK Network,DUSK,0.32285,-0.024,-0.0069999999999999,-0.108,10733697.0,129772453.0,2022-03-17
iExec RLC,RLC,1.81,0.004,-0.001,0.01,4304190.0,129744853.0,2022-03-17
RMRK,RMRK,13.61,-0.006,-0.003,-0.07,3122953.0,129381545.0,2022-03-17
THORChain (ERC20),RUNE,7.98,0.003,0.122,0.584,2414143.0,129360305.0,2022-03-17
Metadium,META,0.076139640664,-0.002,-0.012,0.004,9899795.0,128563501.0,2022-03-17
StormX,STMX,0.013797399421,0.002,-0.0139999999999999,-0.1,1844462.0,128358108.0,2022-03-17
Stratis,STRAX,0.94622,-0.003,0.013,-0.04,14410182.0,128080393.0,2022-03-17
STP Network,STPT,0.087992796441,0.0,0.016,-0.046,7298290.0,127931734.0,2022-03-17
Steem,STEEM,0.322052,0.004,0.02,-0.011,4267199.0,127246640.0,2022-03-17
DEAPCOIN,DEP,0.027101682754,-0.008,-0.018,-0.159,5123322.0,126235341.0,2022-03-17
Meerkat Shares,MSHARE,14141.32,0.001,0.091,1.065,8589756.0,126105039.0,2022-03-17
RSK Infrastructure Framework,RIF,0.151385,-0.002,0.01,-0.07,206651.0,125639850.0,2022-03-17
Dawn Protocol,DAWN,1.72,0.001,0.0139999999999999,0.006,4063485.0,125035795.0,2022-03-17
Alpha Finance,ALPHA,0.280024,0.003,0.004,-0.003,5728562.0,125007857.0,2022-03-17
NKN,NKN,0.191882,0.005,-0.003,-0.0139999999999999,5872145.0,124824929.0,2022-03-17
Decentral Games,DG,0.322954,-0.01,0.059,0.008,1307545.0,124818085.0,2022-03-17
Balancer,BAL,11.52,0.0,0.006,-0.038,8895097.0,124477702.0,2022-03-17
Strike,STRK,39.63,0.002,0.044,-0.01,70589902.0,124043364.0,2022-03-17
Alien Worlds,TLM,0.099181828389,0.008,0.0279999999999999,-0.019,53533075.0,123122031.0,2022-03-17
Dero,DERO,10.93,0.001,0.0069999999999999,-0.158,568520.0,122930832.0,2022-03-17
Sun Token,SUN,0.011601809279,0.0,0.0,-0.026,20031921.0,122048839.0,2022-03-17
Tomb Shares,TSHARE,3117.12,-0.015,0.07,-0.346,15057752.0,122042187.0,2022-03-17
GXChain,GXC,1.62,-0.006,-0.01,-0.046,11044304.0,122034911.0,2022-03-17
Ankr Reward-Bearing Staked ETH,AETHC,2254.71,0.005,0.027,-0.035,103476.0,120703323.0,2022-03-17
Spookyswap,BOO,13.41,-0.005,0.027,-0.073,3033122.0,120688730.0,2022-03-17
Maple,MPL,26.62,-0.016,0.048,0.216,6013862.0,120557876.0,2022-03-17
Kirobo,KIRO,0.125334,0.009,-0.008,-0.102,60450.88,119964465.0,2022-03-17
BENQI Liquid Staked AVAX,SAVAX,79.79,-0.0,0.095,0.0289999999999999,1138158.0,119637582.0,2022-03-17
sETH2,SETH2,2818.01,0.005,0.0279999999999999,0.035,958190.0,119015862.0,2022-03-17
Aavegotchi,GHST,1.94,-0.001,0.0,-0.008,28955029.0,117650490.0,2022-03-17
FUNToken,FUN,0.011072744983,-0.0069999999999999,0.012,-0.012,840985.0,117522843.0,2022-03-17
agEUR,AGEUR,1.11,0.003,0.011,0.005,2130541.0,115865259.0,2022-03-17
Alchemix,ALCX,96.93,-0.001,0.023,-0.144,6978992.0,114928689.0,2022-03-17
Hoo Token,HOO,1.39,-0.004,0.035,0.059,8832185.0,114432549.0,2022-03-17
Beefy.Finance,BIFI,1462.88,-0.004,0.005,-0.093,1404924.0,114334270.0,2022-03-17
Alpine F1 Team Fan Token,ALPINE,10.0,0.002,0.142,0.953,226663985.0,114038968.0,2022-03-17
DODO,DODO,0.395012,-0.003,0.009,-0.033,24729655.0,113721778.0,2022-03-17
Hathor,HTR,0.491681,0.001,0.0279999999999999,-0.049,5298234.0,112171936.0,2022-03-17
TitanSwap,TITAN,1.12,-0.018,-0.008,-0.038,24457.53,111774842.0,2022-03-17
PlatON Network,LAT,0.046419884436,0.005,0.022,-0.047,2598864.0,111691885.0,2022-03-17
Phantasma,SOUL,1.07,0.005,-0.009,-0.105,2935493.0,111502505.0,2022-03-17
Tornado Cash,TORN,47.28,-0.002,-0.01,-0.044,7275467.0,111302578.0,2022-03-17
Klever,KLV,0.020930640049,-0.002,-0.01,0.015,3409196.0,110824223.0,2022-03-17
JasmyCoin,JASMY,0.023128577628,-0.016,0.098,0.685,657631520.0,110553343.0,2022-03-17
BTC Standard Hashrate Token,BTCST,15.08,0.0069999999999999,-0.015,-0.092,3149394.0,109935865.0,2022-03-17
KardiaChain,KAI,0.032601817619,-0.002,-0.015,-0.061,2890097.0,109334845.0,2022-03-17
My Neighbor Alice,ALICE,6.27,0.001,0.033,-0.016,99965004.0,109282154.0,2022-03-17
Proton,XPR,0.011066116011,-0.002,0.008,-0.102,8687937.0,109182891.0,2022-03-17
Utrust,UTK,0.237003,-0.001,0.015,-0.051,8201156.0,109107417.0,2022-03-17
Kava Swap,SWP,1.82,-0.012,0.008,0.0,1981564.0,109049036.0,2022-03-17
Regen,REGEN,0.873466,-0.002,0.013,-0.04,185688.0,107921529.0,2022-03-17
BakerySwap,BAKE,0.559948,0.002,0.021,-0.016,15467623.0,107743877.0,2022-03-17
Hydra,HYDRA,9.26,0.004,0.04,0.0559999999999999,884096.0,107523003.0,2022-03-17
Venus,XVS,8.86,0.003,0.04,-0.01,15729939.0,106857130.0,2022-03-17
CRYPTO20,C20,3.21,0.005,0.094,-0.0139999999999999,244162.0,106817045.0,2022-03-17
Pylon Protocol,MINE,0.054820562279,-0.002,0.025,0.118,255036.0,106639197.0,2022-03-17
QuarkChain,QKC,0.016027563853,0.008,0.0279999999999999,-0.031,2308543.0,106547838.0,2022-03-17
Orion Protocol,ORN,3.06,0.003,-0.012,-0.074,9655123.0,104853664.0,2022-03-17
Seedify.fund,SFUND,4.37,-0.002,0.013,-0.168,3082745.0,104617801.0,2022-03-17
TomoChain,TOMO,1.19,0.0069999999999999,0.015,-0.0279999999999999,2030435.0,104551092.0,2022-03-17
Ellipsis,EPS,0.166502,-0.001,0.012,-0.0289999999999999,5645716.0,104379795.0,2022-03-17
Railgun,RAIL,1.81,-0.001,0.021,-0.175,471794.0,104202720.0,2022-03-17
Decentral Games Governance,XDG,0.338029,0.013,0.052,0.013,147662.0,104005183.0,2022-03-17
Hermez Network,HEZ,6.17,0.002,0.015,0.013,68193.73,103279211.0,2022-03-17
AIOZ Network,AIOZ,0.214561,-0.012,-0.095,-0.107,5493212.0,103148149.0,2022-03-17
ICHI,ICHI,23.02,0.005,0.017,0.108,662181.0,100868057.0,2022-03-17
sETH,SETH,2821.01,0.006,0.039,0.033,3277906.0,100163119.0,2022-03-17
Bitcoin Diamond,BCD,0.52929,0.015,0.0289999999999999,-0.0409999999999999,13758923.0,99286361.0,2022-03-17
Metal,MTL,1.52,0.004,-0.001,-0.044,10399052.0,98146821.0,2022-03-17
Dopex Rebate Token,RDPX,105.79,-0.013,0.052,0.092,1970405.0,97862985.0,2022-03-17
Wilder World,WILD,1.17,-0.012,0.004,-0.178,4126450.0,97738316.0,2022-03-17
Wrapped Centrifuge,WCFG,0.481036,-0.003,-0.01,-0.043,1727756.0,95950030.0,2022-03-17
Bounce,AUCTION,13.12,0.002,0.002,-0.0,1640514.0,94608029.0,2022-03-17
Augur,REP,13.56,0.001,0.01,-0.0409999999999999,5896456.0,94396497.0,2022-03-17
sUSD,SUSD,0.997496,0.001,0.004,-0.003,9442897.0,94221877.0,2022-03-17
Electroneum,ETN,0.005214209583,0.006,0.025,-0.05,189537.0,93414016.0,2022-03-17
KeeperDAO,ROOK,115.76,0.008,0.07,-0.105,652966.0,93199097.0,2022-03-17
Dvision Network,DVI,0.380746,0.008,0.091,-0.108,2438408.0,92462684.0,2022-03-17
cUNI,CUNI,0.186789,0.002,0.02,0.013,818771.0,91378796.0,2022-03-17
Wanchain,WAN,0.472639,0.001,0.0,0.003,5680953.0,91293951.0,2022-03-17
IDEX,IDEX,0.142172,0.004,-0.002,-0.055,11854190.0,90697310.0,2022-03-17
Verasity,VRA,0.020213148673,0.008,-0.03,-0.113,55707710.0,90445041.0,2022-03-17
Neutrino System Base Token,NSBT,35.75,-0.001,0.009,0.188,208377.0,90375202.0,2022-03-17
Everipedia,IQ,0.008982625251,-0.005,-0.004,-0.005,2844319.0,90044377.0,2022-03-17
HUNT,HUNT,0.821299,-0.001,0.069,0.006,104480496.0,89930148.0,2022-03-17
Somnium Space CUBEs,CUBE,6.89,0.011,0.173,0.2,379297.0,89700384.0,2022-03-17
bZx Protocol,BZRX,0.062809109348,-0.7040000000000001,-0.6459999999999999,-0.4639999999999999,43.49,88971844.0,2022-03-17
AllianceBlock,ALBT,0.229837,-0.003,0.038,0.053,380133.0,88953339.0,2022-03-17
ZoidPay,ZPAY,0.303949,-0.004,-0.018,0.212,580730.0,88904956.0,2022-03-17
Ampleforth,AMPL,1.07,0.0,-0.049,0.104,1359111.0,88008725.0,2022-03-17
Bonfida,FIDA,1.65,-0.002,0.025,-0.083,7357829.0,87734475.0,2022-03-17
Avalaunch,XAVA,3.92,-0.002,0.034,-0.024,1323970.0,86912829.0,2022-03-17
Adventure Gold,AGLD,1.11,-0.011,0.009,0.089,56512453.0,85908280.0,2022-03-17
Adshares,ADS,3.55,0.001,0.0279999999999999,0.298,1188991.0,85408124.0,2022-03-17
Automata,ATA,0.368096,0.004,0.004,-0.003,3784037.0,83651315.0,2022-03-17
Gains Farm,GFARM2,2330.78,-0.0,0.03,0.102,138508.0,83519135.0,2022-03-17
Crabada,CRA,0.957634,0.026,0.064,0.033,2393019.0,83266240.0,2022-03-17
CertiK,CTK,1.17,-0.002,-0.003,-0.009,4539353.0,82895723.0,2022-03-17
Celo Dollar,CUSD,1.0,-0.001,0.005,0.004,2890566.0,82678314.0,2022-03-17
Propy,PRO,1.43,-0.005,0.087,-0.131,1092863.0,82507865.0,2022-03-17
Swarm,BZZ,1.26,0.002,0.052,-0.0139999999999999,1150674.0,81979222.0,2022-03-17
Clover Finance,CLV,0.313737,-0.003,0.0279999999999999,-0.0139999999999999,10080749.0,81842102.0,2022-03-17
Covalent,CQT,0.319453,-0.0,0.036,-0.1,1930543.0,81675970.0,2022-03-17
chrono.tech,TIME,113.61,0.012,-0.036,-0.2339999999999999,150984.0,80595619.0,2022-03-17
Biswap,BSW,0.355954,0.002,-0.002,0.0579999999999999,4931153.0,80314265.0,2022-03-17
Gitcoin,GTC,5.65,0.004,-0.003,-0.102,7848894.0,80282760.0,2022-03-17
DFI.money,YFII,2018.73,0.001,-0.0139999999999999,-0.001,11327787.0,80185006.0,2022-03-17
Redacted Cartel,BTRFLY,129.99,-0.001,0.14,-0.212,2195840.0,80079688.0,2022-03-17
SafePal,SFP,0.740146,-0.002,0.013,-0.018,8669227.0,80075567.0,2022-03-17
Platypus Finance,PTP,4.14,0.005,-0.135,-0.354,5248814.0,79450747.0,2022-03-17
BENQI,QI,0.050743317046,0.0,0.024,-0.048,8530801.0,79411049.0,2022-03-17
Aergo,AERGO,0.218479,-0.004,0.012,-0.129,7272167.0,79214487.0,2022-03-17
Enzyme,MLN,54.27,0.005,0.006,0.033,5114354.0,78897484.0,2022-03-17
Nerve Finance,NRV,0.018468001417,-0.015,0.057,-0.04,26173.31,77747624.0,2022-03-17
Rai Reflex Index,RAI,3.04,0.003,0.003,0.002,1057135.0,77616933.0,2022-03-17
Aurory,AURY,8.09,-0.001,0.008,0.004,1438567.0,76843664.0,2022-03-17
RIZON,ATOLO,0.034953545858,0.001,-0.018,-0.05,334964.0,75194885.0,2022-03-17
Aave [OLD],LEND,1.47,0.002,0.079,0.072,11843.62,75160944.0,2022-03-17
mStable USD,MUSD,0.999305,-0.0,-0.0,0.0,100066.0,74706759.0,2022-03-17
DeFi Pulse Index,DPI,158.57,-0.005,0.024,0.012,264648.0,74590066.0,2022-03-17
Blox,CDT,0.110513,0.053,0.151,-0.0069999999999999,151228.0,74560549.0,2022-03-17
PlatonCoin,PLTC,0.682181,-0.001,0.068,0.1989999999999999,195574.0,74286948.0,2022-03-17
ShapeShift FOX Token,FOX,0.272417,0.001,0.002,-0.0279999999999999,671439.0,74091492.0,2022-03-17
Handshake,HNS,0.155984,-0.004,-0.001,-0.168,171651.0,74049207.0,2022-03-17
PEAKDEFI,PEAK,0.05519710958,0.04,-0.018,-0.175,72443.45,74047013.0,2022-03-17
Presearch,PRE,0.186584,0.001,0.037,-0.025,706220.0,74002744.0,2022-03-17
SingularityNET,AGIX,0.082793325047,-0.001,-0.015,-0.081,1211638.0,73431209.0,2022-03-17
Sifchain,EROWAN,0.092998915614,0.005,0.026,-0.031,2618246.0,72370847.0,2022-03-17
Badger DAO,BADGER,7.24,-0.005,-0.011,-0.074,3893756.0,72193740.0,2022-03-17
Index Coop - ETH 2x Flexible Leverage Index,ETH2X-FLI,69.79,0.002,0.0559999999999999,0.063,1140003.0,72083620.0,2022-03-17
Oxygen,OXY,0.355128,0.012,0.094,0.09,628756.0,71658098.0,2022-03-17
Hifi Finance,MFT,0.007610380739,-0.003,0.0069999999999999,0.0579999999999999,13457578.0,71444464.0,2022-03-17
Vader Protocol,VADER,0.014688496373,0.008,0.022,-0.363,3416278.0,71296654.0,2022-03-17
MAPS,MAPS,0.944908,0.0069999999999999,0.143,0.121,1481120.0,70633226.0,2022-03-17
Wrapped NXM,WNXM,26.39,0.003,-0.01,-0.03,1579870.0,70593491.0,2022-03-17
Sovryn,SOV,3.32,-0.006,-0.0289999999999999,-0.159,732020.0,70581427.0,2022-03-17
Netvrk,NTVRK,1.71,-0.0069999999999999,0.1159999999999999,-0.0289999999999999,2603788.0,70480323.0,2022-03-17
Dock,DOCK,0.033661853536,0.001,0.008,-0.022,2401530.0,70448413.0,2022-03-17
ShareToken,SHR,0.007367750574,-0.0,0.0289999999999999,-0.175,261673.0,69453171.0,2022-03-17
TempleDAO,TEMPLE,0.641015,0.001,-0.036,-0.05,857448.0,69369413.0,2022-03-17
cVault.finance,CORE,6926.41,-0.005,0.026,0.0,42667.58,68840419.0,2022-03-17
GuildFi,GF,1.58,0.001,0.031,0.019,4047040.0,68575496.0,2022-03-17
ChainX,PCX,1.64,0.006,-0.015,0.033,523787.0,68530128.0,2022-03-17
Loom Network (OLD),LOOMOLD,0.082172200347,0.005,0.102,0.018,2657217.0,68416663.0,2022-03-17
Travala.com,AVA,1.32,0.002,-0.01,0.003,3591714.0,68291858.0,2022-03-17
Banana,BANANA,15.33,0.002,-0.181,0.3929999999999999,541918.0,68212793.0,2022-03-17
IRISnet,IRIS,0.055425599401,0.016,-0.003,-0.088,2976839.0,68090240.0,2022-03-17
Circuits of Value,COVAL,0.037961003776,0.002,-0.012,-0.054,366787.0,67826274.0,2022-03-17
ARPA Chain,ARPA,0.069003373522,-0.0,0.008,-0.037,13633759.0,67762845.0,2022-03-17
SuperRare,RARE,0.464613,-0.003,0.0139999999999999,0.019,9398219.0,67388220.0,2022-03-17
Verus Coin,VRSC,0.999387,0.053,0.061,-0.122,20275.07,67318962.0,2022-03-17
